song,stem,snr,variant,inference_mode
704f1de9-1d02-4c2b-af05-107a7700a51d,lead_male_singer,6.495632588028018,vdb-d-nopre,inference-d
704f1de9-1d02-4c2b-af05-107a7700a51d,drums,11.870262744010777,vdb-d-nopre,inference-d
704f1de9-1d02-4c2b-af05-107a7700a51d,bass,8.690763875850491,vdb-d-nopre,inference-d
8a6c9c1f-4865-404f-a805-1949de36a33c,lead_female_singer,12.014185336380354,vdb-d-nopre,inference-d
8a6c9c1f-4865-404f-a805-1949de36a33c,drums,11.303387781865679,vdb-d-nopre,inference-d
8a6c9c1f-4865-404f-a805-1949de36a33c,bass,16.884367541363883,vdb-d-nopre,inference-d
0358fd1e-244a-4422-9a42-29b5d68f6e4b,lead_male_singer,6.390991742410029,vdb-d-nopre,inference-d
0358fd1e-244a-4422-9a42-29b5d68f6e4b,drums,4.0051121155478935,vdb-d-nopre,inference-d
1afe1b3b-3e2e-48d3-b859-f50e222cbaf4,lead_male_singer,4.210187002405755,vdb-d-nopre,inference-d
1afe1b3b-3e2e-48d3-b859-f50e222cbaf4,drums,5.293175291039594,vdb-d-nopre,inference-d
1afe1b3b-3e2e-48d3-b859-f50e222cbaf4,bass,13.41523921036914,vdb-d-nopre,inference-d
78ef22ce-472f-4f82-8656-16df73b9465f,lead_female_singer,8.860660342953295,vdb-d-nopre,inference-d
78ef22ce-472f-4f82-8656-16df73b9465f,drums,8.617082018157793,vdb-d-nopre,inference-d
78ef22ce-472f-4f82-8656-16df73b9465f,bass,14.398448260819627,vdb-d-nopre,inference-d
491c1ff5-1e7b-4046-8029-a82d4a8aefb4,lead_male_singer,12.758019883686096,vdb-d-nopre,inference-d
491c1ff5-1e7b-4046-8029-a82d4a8aefb4,drums,7.095233338522582,vdb-d-nopre,inference-d
491c1ff5-1e7b-4046-8029-a82d4a8aefb4,bass,7.127752605561196,vdb-d-nopre,inference-d
f0c565c5-fc73-4da1-b979-0fac0167f671,lead_female_singer,14.182455563218017,vdb-d-nopre,inference-d
f0c565c5-fc73-4da1-b979-0fac0167f671,drums,11.90192064597996,vdb-d-nopre,inference-d
f0c565c5-fc73-4da1-b979-0fac0167f671,bass,13.930879430205705,vdb-d-nopre,inference-d
6de41c50-0c49-4528-b60b-75c45d3630f4,lead_male_singer,7.804241673000535,vdb-d-nopre,inference-d
6de41c50-0c49-4528-b60b-75c45d3630f4,drums,6.889660383765268,vdb-d-nopre,inference-d
6de41c50-0c49-4528-b60b-75c45d3630f4,bass,8.46606859448018,vdb-d-nopre,inference-d
25789239-1075-43b9-bfc9-51dff4a29590,lead_male_singer,4.930898776250693,vdb-d-nopre,inference-d
25789239-1075-43b9-bfc9-51dff4a29590,drums,7.075729643564861,vdb-d-nopre,inference-d
25789239-1075-43b9-bfc9-51dff4a29590,bass,5.945355865374297,vdb-d-nopre,inference-d
dc61c44e-a771-47a9-8934-a0eb8f3e08ac,lead_male_singer,2.770499212312298,vdb-d-nopre,inference-d
dc61c44e-a771-47a9-8934-a0eb8f3e08ac,drums,9.457181994943738,vdb-d-nopre,inference-d
dc61c44e-a771-47a9-8934-a0eb8f3e08ac,bass,3.7231366654110802,vdb-d-nopre,inference-d
07fb2df2-91d6-458d-9230-9638b4edac08,lead_male_singer,6.308260245374175,vdb-d-nopre,inference-d
07fb2df2-91d6-458d-9230-9638b4edac08,drums,12.194951103039573,vdb-d-nopre,inference-d
07fb2df2-91d6-458d-9230-9638b4edac08,bass,5.345204476983073,vdb-d-nopre,inference-d
3c557409-3a34-43c2-9159-5421bbad5ecb,lead_male_singer,3.9257257263869736,vdb-d-nopre,inference-d
3c557409-3a34-43c2-9159-5421bbad5ecb,drums,8.728465973801345,vdb-d-nopre,inference-d
3c557409-3a34-43c2-9159-5421bbad5ecb,bass,8.066665630669496,vdb-d-nopre,inference-d
28748b6e-6125-42f7-998d-2ad734e39b6c,lead_female_singer,5.897284301263232,vdb-d-nopre,inference-d
28748b6e-6125-42f7-998d-2ad734e39b6c,drums,8.551631203113066,vdb-d-nopre,inference-d
28748b6e-6125-42f7-998d-2ad734e39b6c,bass,10.925583128115594,vdb-d-nopre,inference-d
1a32e987-cae8-458f-9c26-d9a6abf5348d,lead_male_singer,10.429295118759903,vdb-d-nopre,inference-d
1a32e987-cae8-458f-9c26-d9a6abf5348d,drums,11.400935293033045,vdb-d-nopre,inference-d
1a32e987-cae8-458f-9c26-d9a6abf5348d,bass,6.822247023871989,vdb-d-nopre,inference-d
0d528a19-cb0f-4421-b250-444f9343e51c,lead_male_singer,8.682847793309744,vdb-d-nopre,inference-d
0d528a19-cb0f-4421-b250-444f9343e51c,drums,9.40524694919328,vdb-d-nopre,inference-d
0d528a19-cb0f-4421-b250-444f9343e51c,bass,12.183593938238392,vdb-d-nopre,inference-d
215391aa-1168-42dd-9cab-f8b0c6ff566b,lead_male_singer,3.7576848971171066,vdb-d-nopre,inference-d
215391aa-1168-42dd-9cab-f8b0c6ff566b,drums,7.458024363758343,vdb-d-nopre,inference-d
215391aa-1168-42dd-9cab-f8b0c6ff566b,bass,4.864987909716375,vdb-d-nopre,inference-d
606e3380-b062-4b74-88ac-b60d6f4d0a37,lead_male_singer,10.561392090750651,vdb-d-nopre,inference-d
606e3380-b062-4b74-88ac-b60d6f4d0a37,drums,3.657209305192508,vdb-d-nopre,inference-d
606e3380-b062-4b74-88ac-b60d6f4d0a37,bass,10.449688949181635,vdb-d-nopre,inference-d
5640831d-7853-4d06-8166-988e2844b652,lead_female_singer,5.294967123446569,vdb-d-nopre,inference-d
5640831d-7853-4d06-8166-988e2844b652,drums,7.321119005698384,vdb-d-nopre,inference-d
5640831d-7853-4d06-8166-988e2844b652,bass,10.199272818821507,vdb-d-nopre,inference-d
a199697c-3cdc-47c7-a9c7-c1b07dd6c9dd,lead_male_singer,7.194326235321204,vdb-d-nopre,inference-d
a199697c-3cdc-47c7-a9c7-c1b07dd6c9dd,drums,7.787691095686569,vdb-d-nopre,inference-d
a199697c-3cdc-47c7-a9c7-c1b07dd6c9dd,bass,6.502395186666052,vdb-d-nopre,inference-d
11845abc-8ca3-4fb2-bd84-521aeeff56f4,lead_male_singer,10.155160091813915,vdb-d-nopre,inference-d
11845abc-8ca3-4fb2-bd84-521aeeff56f4,drums,12.01625451978028,vdb-d-nopre,inference-d
48c78ca6-18e9-42f2-9f05-fdbee90a7786,lead_male_singer,10.18069659786297,vdb-d-nopre,inference-d
48c78ca6-18e9-42f2-9f05-fdbee90a7786,drums,10.849960182292307,vdb-d-nopre,inference-d
88b545e5-4d06-4d55-a306-1bd3a2915ee5,lead_male_singer,12.97500798373335,vdb-d-nopre,inference-d
88b545e5-4d06-4d55-a306-1bd3a2915ee5,drums,9.52584023272429,vdb-d-nopre,inference-d
88b545e5-4d06-4d55-a306-1bd3a2915ee5,bass,9.563273951355681,vdb-d-nopre,inference-d
c6d73235-1dd5-4085-a3b3-50a3466c6168,lead_female_singer,4.982707546855404,vdb-d-nopre,inference-d
c6d73235-1dd5-4085-a3b3-50a3466c6168,drums,9.70905481958403,vdb-d-nopre,inference-d
c6d73235-1dd5-4085-a3b3-50a3466c6168,bass,6.938848906041708,vdb-d-nopre,inference-d
93dda0e8-dd76-49e4-b08f-54a82387cdf6,lead_female_singer,4.8195325232801185,vdb-d-nopre,inference-d
93dda0e8-dd76-49e4-b08f-54a82387cdf6,drums,4.5656733824056435,vdb-d-nopre,inference-d
93dda0e8-dd76-49e4-b08f-54a82387cdf6,bass,6.246435587936783,vdb-d-nopre,inference-d
4999a0bf-a753-4e0e-85b1-690259dabf96,lead_male_singer,7.523047220953689,vdb-d-nopre,inference-d
4999a0bf-a753-4e0e-85b1-690259dabf96,drums,6.408928049943034,vdb-d-nopre,inference-d
4999a0bf-a753-4e0e-85b1-690259dabf96,bass,-7.7442573655001805,vdb-d-nopre,inference-d
35983cdd-3903-46cb-b184-f96274ced57b,lead_male_singer,8.814581707458174,vdb-d-nopre,inference-d
35983cdd-3903-46cb-b184-f96274ced57b,drums,12.06312632345069,vdb-d-nopre,inference-d
35983cdd-3903-46cb-b184-f96274ced57b,bass,13.59782896649455,vdb-d-nopre,inference-d
3e656eec-84d4-4a45-b410-d3817d849f92,lead_male_singer,1.710966829649427,vdb-d-nopre,inference-d
3e656eec-84d4-4a45-b410-d3817d849f92,drums,7.965654602010246,vdb-d-nopre,inference-d
3e656eec-84d4-4a45-b410-d3817d849f92,bass,4.6158540484833965,vdb-d-nopre,inference-d
7dd515b0-e218-425d-b8bf-a75056237d6a,lead_male_singer,13.320151511348008,vdb-d-nopre,inference-d
5a6df5c7-a58a-479e-bdfb-c5946c221933,lead_male_singer,7.607595022657749,vdb-d-nopre,inference-d
5a6df5c7-a58a-479e-bdfb-c5946c221933,drums,11.919973187128313,vdb-d-nopre,inference-d
5a6df5c7-a58a-479e-bdfb-c5946c221933,bass,10.602032362867797,vdb-d-nopre,inference-d
bb45cf1a-4c58-4fe3-88ea-97ef27527507,lead_female_singer,1.7436556187653238,vdb-d-nopre,inference-d
bb45cf1a-4c58-4fe3-88ea-97ef27527507,drums,11.106652047623676,vdb-d-nopre,inference-d
bb45cf1a-4c58-4fe3-88ea-97ef27527507,bass,9.350833518233475,vdb-d-nopre,inference-d
125fc63d-9b69-4170-a46a-42c91bc28446,lead_female_singer,9.965379513960528,vdb-d-nopre,inference-d
125fc63d-9b69-4170-a46a-42c91bc28446,drums,7.875173188566256,vdb-d-nopre,inference-d
125fc63d-9b69-4170-a46a-42c91bc28446,bass,10.281233058563073,vdb-d-nopre,inference-d
06bfc6e7-e5ac-4827-bf8e-ffaf1675872f,lead_female_singer,11.597309797406925,vdb-d-nopre,inference-d
06bfc6e7-e5ac-4827-bf8e-ffaf1675872f,drums,8.629946067057604,vdb-d-nopre,inference-d
06bfc6e7-e5ac-4827-bf8e-ffaf1675872f,bass,11.683973814765892,vdb-d-nopre,inference-d
a1dcaeb2-f4e6-4818-b490-09f44d624afc,lead_male_singer,9.644551772216166,vdb-d-nopre,inference-d
a1dcaeb2-f4e6-4818-b490-09f44d624afc,drums,8.322104468996494,vdb-d-nopre,inference-d
a1dcaeb2-f4e6-4818-b490-09f44d624afc,bass,9.782089706357832,vdb-d-nopre,inference-d
dda2c057-6d73-43fa-a130-d7d6562c09ca,lead_male_singer,5.311737712047475,vdb-d-nopre,inference-d
dda2c057-6d73-43fa-a130-d7d6562c09ca,drums,12.491565745773002,vdb-d-nopre,inference-d
dda2c057-6d73-43fa-a130-d7d6562c09ca,bass,11.32156894960457,vdb-d-nopre,inference-d
aa600069-0a98-45e6-94fa-4000bfe46c25,lead_male_singer,8.642764598279431,vdb-d-nopre,inference-d
aa600069-0a98-45e6-94fa-4000bfe46c25,drums,11.922806722549195,vdb-d-nopre,inference-d
aa600069-0a98-45e6-94fa-4000bfe46c25,bass,9.603609378705437,vdb-d-nopre,inference-d
3c3b5fdb-f15e-4ba4-884a-b083ce2426c6,lead_male_singer,7.964645957637235,vdb-d-nopre,inference-d
3c3b5fdb-f15e-4ba4-884a-b083ce2426c6,drums,10.232428713434462,vdb-d-nopre,inference-d
3c3b5fdb-f15e-4ba4-884a-b083ce2426c6,bass,12.291645164412548,vdb-d-nopre,inference-d
8f36f17f-c033-4c1b-a793-80dce43d507b,lead_male_singer,9.358855903787953,vdb-d-nopre,inference-d
8f36f17f-c033-4c1b-a793-80dce43d507b,drums,6.917604703955444,vdb-d-nopre,inference-d
7bfa233c-24ed-4c7a-9096-11e3aa00c55d,lead_male_singer,7.230639666948627,vdb-d-nopre,inference-d
7bfa233c-24ed-4c7a-9096-11e3aa00c55d,drums,10.738181767066234,vdb-d-nopre,inference-d
7bfa233c-24ed-4c7a-9096-11e3aa00c55d,bass,10.828569511046755,vdb-d-nopre,inference-d
ad9bbefc-8762-46c9-b847-da14b10802b6,lead_male_singer,6.587423302758494,vdb-d-nopre,inference-d
ad9bbefc-8762-46c9-b847-da14b10802b6,drums,10.163803308052126,vdb-d-nopre,inference-d
ad9bbefc-8762-46c9-b847-da14b10802b6,bass,7.639681548906372,vdb-d-nopre,inference-d
8042b88a-6179-406b-9ec4-b45a4cdd4a71,lead_male_singer,3.4424099644582857,vdb-d-nopre,inference-d
8042b88a-6179-406b-9ec4-b45a4cdd4a71,drums,6.306475380883692,vdb-d-nopre,inference-d
8042b88a-6179-406b-9ec4-b45a4cdd4a71,bass,5.0425556651914905,vdb-d-nopre,inference-d
05e7af85-9721-4b42-952a-ccd34feb6033,lead_male_singer,6.4891438562756,vdb-d-nopre,inference-d
05e7af85-9721-4b42-952a-ccd34feb6033,drums,9.028498131525291,vdb-d-nopre,inference-d
05e7af85-9721-4b42-952a-ccd34feb6033,bass,8.421611776669533,vdb-d-nopre,inference-d
4380ad97-2620-4419-a011-ddfa29a87f54,lead_male_singer,7.0344606719373655,vdb-d-nopre,inference-d
4380ad97-2620-4419-a011-ddfa29a87f54,drums,14.48548124928066,vdb-d-nopre,inference-d
4380ad97-2620-4419-a011-ddfa29a87f54,bass,9.555781598757488,vdb-d-nopre,inference-d
fc3c9e48-e2ac-4088-af65-68404baa7f12,lead_male_singer,7.4634411129274,vdb-d-nopre,inference-d
fc3c9e48-e2ac-4088-af65-68404baa7f12,drums,10.013423798812166,vdb-d-nopre,inference-d
fc3c9e48-e2ac-4088-af65-68404baa7f12,bass,6.880000238893094,vdb-d-nopre,inference-d
c70471f9-9c4a-41c9-b8f8-20ac38847a8e,lead_female_singer,7.751363470943044,vdb-d-nopre,inference-d
c70471f9-9c4a-41c9-b8f8-20ac38847a8e,drums,10.35609837040554,vdb-d-nopre,inference-d
c70471f9-9c4a-41c9-b8f8-20ac38847a8e,bass,9.753597342143475,vdb-d-nopre,inference-d
adb5e3fd-d039-42e4-b09b-fd0784fa0c82,lead_male_singer,6.053862921118773,vdb-d-nopre,inference-d
adb5e3fd-d039-42e4-b09b-fd0784fa0c82,drums,8.227912492849857,vdb-d-nopre,inference-d
adb5e3fd-d039-42e4-b09b-fd0784fa0c82,bass,7.843172147800913,vdb-d-nopre,inference-d
6b48c9de-fa34-4635-9718-04e01a03a0fe,lead_male_singer,4.513378948321707,vdb-d-nopre,inference-d
6b48c9de-fa34-4635-9718-04e01a03a0fe,drums,5.770166990111971,vdb-d-nopre,inference-d
6b48c9de-fa34-4635-9718-04e01a03a0fe,bass,8.846339248665618,vdb-d-nopre,inference-d
a56d9450-3a26-485c-8ac3-24b6b54e2c1d,lead_female_singer,12.547677412966578,vdb-d-nopre,inference-d
a56d9450-3a26-485c-8ac3-24b6b54e2c1d,drums,11.957016686307838,vdb-d-nopre,inference-d
a56d9450-3a26-485c-8ac3-24b6b54e2c1d,bass,14.930840584304214,vdb-d-nopre,inference-d
1f98fe4d-26c7-460f-9f68-33964bc4d8d3,lead_male_singer,1.725721803449697,vdb-d-nopre,inference-d
1f98fe4d-26c7-460f-9f68-33964bc4d8d3,drums,10.262507553937377,vdb-d-nopre,inference-d
1f98fe4d-26c7-460f-9f68-33964bc4d8d3,bass,8.146428666816197,vdb-d-nopre,inference-d
704f1de9-1d02-4c2b-af05-107a7700a51d,lead_male_singer,6.584325428188896,vdb-d-prefz,inference-d
704f1de9-1d02-4c2b-af05-107a7700a51d,drums,12.439420642534277,vdb-d-prefz,inference-d
704f1de9-1d02-4c2b-af05-107a7700a51d,bass,9.409727815568239,vdb-d-prefz,inference-d
8a6c9c1f-4865-404f-a805-1949de36a33c,lead_female_singer,13.432111919673279,vdb-d-prefz,inference-d
8a6c9c1f-4865-404f-a805-1949de36a33c,drums,12.083721320518395,vdb-d-prefz,inference-d
8a6c9c1f-4865-404f-a805-1949de36a33c,bass,17.78105868342836,vdb-d-prefz,inference-d
0358fd1e-244a-4422-9a42-29b5d68f6e4b,lead_male_singer,7.463303226424422,vdb-d-prefz,inference-d
0358fd1e-244a-4422-9a42-29b5d68f6e4b,drums,3.233545401281657,vdb-d-prefz,inference-d
1afe1b3b-3e2e-48d3-b859-f50e222cbaf4,lead_male_singer,4.808470470795495,vdb-d-prefz,inference-d
1afe1b3b-3e2e-48d3-b859-f50e222cbaf4,drums,6.359420976447099,vdb-d-prefz,inference-d
1afe1b3b-3e2e-48d3-b859-f50e222cbaf4,bass,15.036949830232958,vdb-d-prefz,inference-d
78ef22ce-472f-4f82-8656-16df73b9465f,lead_female_singer,10.386286949421816,vdb-d-prefz,inference-d
78ef22ce-472f-4f82-8656-16df73b9465f,drums,8.849067937085,vdb-d-prefz,inference-d
78ef22ce-472f-4f82-8656-16df73b9465f,bass,14.650091622777415,vdb-d-prefz,inference-d
491c1ff5-1e7b-4046-8029-a82d4a8aefb4,lead_male_singer,14.45093468924046,vdb-d-prefz,inference-d
491c1ff5-1e7b-4046-8029-a82d4a8aefb4,drums,8.364036033852045,vdb-d-prefz,inference-d
491c1ff5-1e7b-4046-8029-a82d4a8aefb4,bass,11.585332201017103,vdb-d-prefz,inference-d
f0c565c5-fc73-4da1-b979-0fac0167f671,lead_female_singer,15.161347264010681,vdb-d-prefz,inference-d
f0c565c5-fc73-4da1-b979-0fac0167f671,drums,12.899305983299914,vdb-d-prefz,inference-d
f0c565c5-fc73-4da1-b979-0fac0167f671,bass,15.385076963144794,vdb-d-prefz,inference-d
6de41c50-0c49-4528-b60b-75c45d3630f4,lead_male_singer,8.680171679489955,vdb-d-prefz,inference-d
6de41c50-0c49-4528-b60b-75c45d3630f4,drums,6.919632438153592,vdb-d-prefz,inference-d
6de41c50-0c49-4528-b60b-75c45d3630f4,bass,8.83739582237261,vdb-d-prefz,inference-d
25789239-1075-43b9-bfc9-51dff4a29590,lead_male_singer,5.5441474981693375,vdb-d-prefz,inference-d
25789239-1075-43b9-bfc9-51dff4a29590,drums,8.162328006960784,vdb-d-prefz,inference-d
25789239-1075-43b9-bfc9-51dff4a29590,bass,6.498080119427274,vdb-d-prefz,inference-d
dc61c44e-a771-47a9-8934-a0eb8f3e08ac,lead_male_singer,4.2221319594268145,vdb-d-prefz,inference-d
dc61c44e-a771-47a9-8934-a0eb8f3e08ac,drums,9.907065993123581,vdb-d-prefz,inference-d
dc61c44e-a771-47a9-8934-a0eb8f3e08ac,bass,4.63710192054903,vdb-d-prefz,inference-d
07fb2df2-91d6-458d-9230-9638b4edac08,lead_male_singer,7.354786684366676,vdb-d-prefz,inference-d
07fb2df2-91d6-458d-9230-9638b4edac08,drums,12.812867207761357,vdb-d-prefz,inference-d
07fb2df2-91d6-458d-9230-9638b4edac08,bass,6.878780707043049,vdb-d-prefz,inference-d
3c557409-3a34-43c2-9159-5421bbad5ecb,lead_male_singer,4.656853697994331,vdb-d-prefz,inference-d
3c557409-3a34-43c2-9159-5421bbad5ecb,drums,8.82629647684154,vdb-d-prefz,inference-d
3c557409-3a34-43c2-9159-5421bbad5ecb,bass,8.777254045463438,vdb-d-prefz,inference-d
28748b6e-6125-42f7-998d-2ad734e39b6c,lead_female_singer,9.156520818463997,vdb-d-prefz,inference-d
28748b6e-6125-42f7-998d-2ad734e39b6c,drums,9.117061285921062,vdb-d-prefz,inference-d
28748b6e-6125-42f7-998d-2ad734e39b6c,bass,11.133911797624068,vdb-d-prefz,inference-d
1a32e987-cae8-458f-9c26-d9a6abf5348d,lead_male_singer,11.259669669282877,vdb-d-prefz,inference-d
1a32e987-cae8-458f-9c26-d9a6abf5348d,drums,12.344247100967987,vdb-d-prefz,inference-d
1a32e987-cae8-458f-9c26-d9a6abf5348d,bass,8.391441630686604,vdb-d-prefz,inference-d
0d528a19-cb0f-4421-b250-444f9343e51c,lead_male_singer,9.125955975273257,vdb-d-prefz,inference-d
0d528a19-cb0f-4421-b250-444f9343e51c,drums,9.857860791290546,vdb-d-prefz,inference-d
0d528a19-cb0f-4421-b250-444f9343e51c,bass,13.134877611348006,vdb-d-prefz,inference-d
215391aa-1168-42dd-9cab-f8b0c6ff566b,lead_male_singer,7.069036278083893,vdb-d-prefz,inference-d
215391aa-1168-42dd-9cab-f8b0c6ff566b,drums,7.57766388212998,vdb-d-prefz,inference-d
215391aa-1168-42dd-9cab-f8b0c6ff566b,bass,5.879116416959663,vdb-d-prefz,inference-d
606e3380-b062-4b74-88ac-b60d6f4d0a37,lead_male_singer,11.988428078236648,vdb-d-prefz,inference-d
606e3380-b062-4b74-88ac-b60d6f4d0a37,drums,3.9993977576101223,vdb-d-prefz,inference-d
606e3380-b062-4b74-88ac-b60d6f4d0a37,bass,12.046117092838095,vdb-d-prefz,inference-d
5640831d-7853-4d06-8166-988e2844b652,lead_female_singer,5.140049449258046,vdb-d-prefz,inference-d
5640831d-7853-4d06-8166-988e2844b652,drums,7.944853314375539,vdb-d-prefz,inference-d
5640831d-7853-4d06-8166-988e2844b652,bass,10.431201076285603,vdb-d-prefz,inference-d
a199697c-3cdc-47c7-a9c7-c1b07dd6c9dd,lead_male_singer,7.555616113403421,vdb-d-prefz,inference-d
a199697c-3cdc-47c7-a9c7-c1b07dd6c9dd,drums,8.585818414856192,vdb-d-prefz,inference-d
a199697c-3cdc-47c7-a9c7-c1b07dd6c9dd,bass,7.552368689254509,vdb-d-prefz,inference-d
11845abc-8ca3-4fb2-bd84-521aeeff56f4,lead_male_singer,11.899127079961936,vdb-d-prefz,inference-d
11845abc-8ca3-4fb2-bd84-521aeeff56f4,drums,11.899949976288104,vdb-d-prefz,inference-d
48c78ca6-18e9-42f2-9f05-fdbee90a7786,lead_male_singer,11.41045462441026,vdb-d-prefz,inference-d
48c78ca6-18e9-42f2-9f05-fdbee90a7786,drums,11.573797005852038,vdb-d-prefz,inference-d
88b545e5-4d06-4d55-a306-1bd3a2915ee5,lead_male_singer,12.888771510981748,vdb-d-prefz,inference-d
88b545e5-4d06-4d55-a306-1bd3a2915ee5,drums,9.954803286607575,vdb-d-prefz,inference-d
88b545e5-4d06-4d55-a306-1bd3a2915ee5,bass,10.515384976991882,vdb-d-prefz,inference-d
c6d73235-1dd5-4085-a3b3-50a3466c6168,lead_female_singer,4.889753879180048,vdb-d-prefz,inference-d
c6d73235-1dd5-4085-a3b3-50a3466c6168,drums,10.378915106543104,vdb-d-prefz,inference-d
c6d73235-1dd5-4085-a3b3-50a3466c6168,bass,8.422943534314257,vdb-d-prefz,inference-d
93dda0e8-dd76-49e4-b08f-54a82387cdf6,lead_female_singer,7.942224285654822,vdb-d-prefz,inference-d
93dda0e8-dd76-49e4-b08f-54a82387cdf6,drums,5.066571293288833,vdb-d-prefz,inference-d
93dda0e8-dd76-49e4-b08f-54a82387cdf6,bass,6.089278834462992,vdb-d-prefz,inference-d
4999a0bf-a753-4e0e-85b1-690259dabf96,lead_male_singer,7.570271476300126,vdb-d-prefz,inference-d
4999a0bf-a753-4e0e-85b1-690259dabf96,drums,7.532502418066907,vdb-d-prefz,inference-d
4999a0bf-a753-4e0e-85b1-690259dabf96,bass,-7.83925296744747,vdb-d-prefz,inference-d
35983cdd-3903-46cb-b184-f96274ced57b,lead_male_singer,9.198516993230644,vdb-d-prefz,inference-d
35983cdd-3903-46cb-b184-f96274ced57b,drums,12.734234226361622,vdb-d-prefz,inference-d
35983cdd-3903-46cb-b184-f96274ced57b,bass,14.573962152912747,vdb-d-prefz,inference-d
3e656eec-84d4-4a45-b410-d3817d849f92,lead_male_singer,1.3593753609197727,vdb-d-prefz,inference-d
3e656eec-84d4-4a45-b410-d3817d849f92,drums,8.668153820162509,vdb-d-prefz,inference-d
3e656eec-84d4-4a45-b410-d3817d849f92,bass,5.906443589485182,vdb-d-prefz,inference-d
7dd515b0-e218-425d-b8bf-a75056237d6a,lead_male_singer,16.005405742725497,vdb-d-prefz,inference-d
5a6df5c7-a58a-479e-bdfb-c5946c221933,lead_male_singer,7.788585193993109,vdb-d-prefz,inference-d
5a6df5c7-a58a-479e-bdfb-c5946c221933,drums,12.130100216606316,vdb-d-prefz,inference-d
5a6df5c7-a58a-479e-bdfb-c5946c221933,bass,11.400624213653174,vdb-d-prefz,inference-d
bb45cf1a-4c58-4fe3-88ea-97ef27527507,lead_female_singer,4.196181598353899,vdb-d-prefz,inference-d
bb45cf1a-4c58-4fe3-88ea-97ef27527507,drums,11.984304679042005,vdb-d-prefz,inference-d
bb45cf1a-4c58-4fe3-88ea-97ef27527507,bass,9.701774086234643,vdb-d-prefz,inference-d
125fc63d-9b69-4170-a46a-42c91bc28446,lead_female_singer,11.465074644756164,vdb-d-prefz,inference-d
125fc63d-9b69-4170-a46a-42c91bc28446,drums,8.302070468430859,vdb-d-prefz,inference-d
125fc63d-9b69-4170-a46a-42c91bc28446,bass,11.759855694534737,vdb-d-prefz,inference-d
06bfc6e7-e5ac-4827-bf8e-ffaf1675872f,lead_female_singer,12.957927685148192,vdb-d-prefz,inference-d
06bfc6e7-e5ac-4827-bf8e-ffaf1675872f,drums,9.344949739653076,vdb-d-prefz,inference-d
06bfc6e7-e5ac-4827-bf8e-ffaf1675872f,bass,13.813469277730903,vdb-d-prefz,inference-d
a1dcaeb2-f4e6-4818-b490-09f44d624afc,lead_male_singer,10.683613514110723,vdb-d-prefz,inference-d
a1dcaeb2-f4e6-4818-b490-09f44d624afc,drums,9.17045320811506,vdb-d-prefz,inference-d
a1dcaeb2-f4e6-4818-b490-09f44d624afc,bass,10.914014989350369,vdb-d-prefz,inference-d
dda2c057-6d73-43fa-a130-d7d6562c09ca,lead_male_singer,7.208606097871685,vdb-d-prefz,inference-d
dda2c057-6d73-43fa-a130-d7d6562c09ca,drums,12.81701298617408,vdb-d-prefz,inference-d
dda2c057-6d73-43fa-a130-d7d6562c09ca,bass,12.410651052236755,vdb-d-prefz,inference-d
aa600069-0a98-45e6-94fa-4000bfe46c25,lead_male_singer,9.775630542887392,vdb-d-prefz,inference-d
aa600069-0a98-45e6-94fa-4000bfe46c25,drums,12.482271703895522,vdb-d-prefz,inference-d
aa600069-0a98-45e6-94fa-4000bfe46c25,bass,10.447181297597812,vdb-d-prefz,inference-d
3c3b5fdb-f15e-4ba4-884a-b083ce2426c6,lead_male_singer,8.311364843204016,vdb-d-prefz,inference-d
3c3b5fdb-f15e-4ba4-884a-b083ce2426c6,drums,10.60439128333175,vdb-d-prefz,inference-d
3c3b5fdb-f15e-4ba4-884a-b083ce2426c6,bass,12.872211067457492,vdb-d-prefz,inference-d
8f36f17f-c033-4c1b-a793-80dce43d507b,lead_male_singer,10.475078952827149,vdb-d-prefz,inference-d
8f36f17f-c033-4c1b-a793-80dce43d507b,drums,7.1164785712263505,vdb-d-prefz,inference-d
7bfa233c-24ed-4c7a-9096-11e3aa00c55d,lead_male_singer,7.599825173331617,vdb-d-prefz,inference-d
7bfa233c-24ed-4c7a-9096-11e3aa00c55d,drums,11.72836611386938,vdb-d-prefz,inference-d
7bfa233c-24ed-4c7a-9096-11e3aa00c55d,bass,12.082717237007316,vdb-d-prefz,inference-d
ad9bbefc-8762-46c9-b847-da14b10802b6,lead_male_singer,6.935283810130746,vdb-d-prefz,inference-d
ad9bbefc-8762-46c9-b847-da14b10802b6,drums,10.457985157233027,vdb-d-prefz,inference-d
ad9bbefc-8762-46c9-b847-da14b10802b6,bass,8.484624649212266,vdb-d-prefz,inference-d
8042b88a-6179-406b-9ec4-b45a4cdd4a71,lead_male_singer,4.771190944065554,vdb-d-prefz,inference-d
8042b88a-6179-406b-9ec4-b45a4cdd4a71,drums,7.6987196218693335,vdb-d-prefz,inference-d
8042b88a-6179-406b-9ec4-b45a4cdd4a71,bass,4.727256473367877,vdb-d-prefz,inference-d
05e7af85-9721-4b42-952a-ccd34feb6033,lead_male_singer,7.503545716979901,vdb-d-prefz,inference-d
05e7af85-9721-4b42-952a-ccd34feb6033,drums,9.145786393084066,vdb-d-prefz,inference-d
05e7af85-9721-4b42-952a-ccd34feb6033,bass,8.910890023177565,vdb-d-prefz,inference-d
4380ad97-2620-4419-a011-ddfa29a87f54,lead_male_singer,7.757506649118026,vdb-d-prefz,inference-d
4380ad97-2620-4419-a011-ddfa29a87f54,drums,14.978969083559937,vdb-d-prefz,inference-d
4380ad97-2620-4419-a011-ddfa29a87f54,bass,10.82799583260796,vdb-d-prefz,inference-d
fc3c9e48-e2ac-4088-af65-68404baa7f12,lead_male_singer,8.078383449914872,vdb-d-prefz,inference-d
fc3c9e48-e2ac-4088-af65-68404baa7f12,drums,10.966713623170703,vdb-d-prefz,inference-d
fc3c9e48-e2ac-4088-af65-68404baa7f12,bass,7.204330218527958,vdb-d-prefz,inference-d
c70471f9-9c4a-41c9-b8f8-20ac38847a8e,lead_female_singer,9.06594791552336,vdb-d-prefz,inference-d
c70471f9-9c4a-41c9-b8f8-20ac38847a8e,drums,11.25941072839393,vdb-d-prefz,inference-d
c70471f9-9c4a-41c9-b8f8-20ac38847a8e,bass,10.15324210691086,vdb-d-prefz,inference-d
adb5e3fd-d039-42e4-b09b-fd0784fa0c82,lead_male_singer,6.366236110295585,vdb-d-prefz,inference-d
adb5e3fd-d039-42e4-b09b-fd0784fa0c82,drums,8.196932160739086,vdb-d-prefz,inference-d
adb5e3fd-d039-42e4-b09b-fd0784fa0c82,bass,7.66235910908142,vdb-d-prefz,inference-d
6b48c9de-fa34-4635-9718-04e01a03a0fe,lead_male_singer,4.081385870138784,vdb-d-prefz,inference-d
6b48c9de-fa34-4635-9718-04e01a03a0fe,drums,6.268080166092628,vdb-d-prefz,inference-d
6b48c9de-fa34-4635-9718-04e01a03a0fe,bass,9.934848810343167,vdb-d-prefz,inference-d
a56d9450-3a26-485c-8ac3-24b6b54e2c1d,lead_female_singer,13.635319462660009,vdb-d-prefz,inference-d
a56d9450-3a26-485c-8ac3-24b6b54e2c1d,drums,12.597248211642862,vdb-d-prefz,inference-d
a56d9450-3a26-485c-8ac3-24b6b54e2c1d,bass,16.232876531224957,vdb-d-prefz,inference-d
1f98fe4d-26c7-460f-9f68-33964bc4d8d3,lead_male_singer,1.4022008635515257,vdb-d-prefz,inference-d
1f98fe4d-26c7-460f-9f68-33964bc4d8d3,drums,10.573702416803846,vdb-d-prefz,inference-d
1f98fe4d-26c7-460f-9f68-33964bc4d8d3,bass,8.847154486913864,vdb-d-prefz,inference-d
704f1de9-1d02-4c2b-af05-107a7700a51d,lead_male_singer,7.602846565867347,vdb-d-pre,inference-d
704f1de9-1d02-4c2b-af05-107a7700a51d,drums,12.07292294868546,vdb-d-pre,inference-d
704f1de9-1d02-4c2b-af05-107a7700a51d,bass,8.811171285176403,vdb-d-pre,inference-d
8a6c9c1f-4865-404f-a805-1949de36a33c,lead_female_singer,13.7723998516413,vdb-d-pre,inference-d
8a6c9c1f-4865-404f-a805-1949de36a33c,drums,12.38338362854317,vdb-d-pre,inference-d
8a6c9c1f-4865-404f-a805-1949de36a33c,bass,18.29609867566432,vdb-d-pre,inference-d
0358fd1e-244a-4422-9a42-29b5d68f6e4b,lead_male_singer,8.502209087725154,vdb-d-pre,inference-d
0358fd1e-244a-4422-9a42-29b5d68f6e4b,drums,5.243032175779603,vdb-d-pre,inference-d
1afe1b3b-3e2e-48d3-b859-f50e222cbaf4,lead_male_singer,4.791561305076746,vdb-d-pre,inference-d
1afe1b3b-3e2e-48d3-b859-f50e222cbaf4,drums,6.100669876188494,vdb-d-pre,inference-d
1afe1b3b-3e2e-48d3-b859-f50e222cbaf4,bass,14.587876955855396,vdb-d-pre,inference-d
78ef22ce-472f-4f82-8656-16df73b9465f,lead_female_singer,10.484774748308961,vdb-d-pre,inference-d
78ef22ce-472f-4f82-8656-16df73b9465f,drums,9.338084324310742,vdb-d-pre,inference-d
78ef22ce-472f-4f82-8656-16df73b9465f,bass,15.418829510489548,vdb-d-pre,inference-d
491c1ff5-1e7b-4046-8029-a82d4a8aefb4,lead_male_singer,14.778019883367417,vdb-d-pre,inference-d
491c1ff5-1e7b-4046-8029-a82d4a8aefb4,drums,8.635560455144141,vdb-d-pre,inference-d
491c1ff5-1e7b-4046-8029-a82d4a8aefb4,bass,10.483079231454287,vdb-d-pre,inference-d
f0c565c5-fc73-4da1-b979-0fac0167f671,lead_female_singer,15.23382247199959,vdb-d-pre,inference-d
f0c565c5-fc73-4da1-b979-0fac0167f671,drums,13.437717856966573,vdb-d-pre,inference-d
f0c565c5-fc73-4da1-b979-0fac0167f671,bass,16.067244258139613,vdb-d-pre,inference-d
6de41c50-0c49-4528-b60b-75c45d3630f4,lead_male_singer,8.643431628582869,vdb-d-pre,inference-d
6de41c50-0c49-4528-b60b-75c45d3630f4,drums,6.578090873954057,vdb-d-pre,inference-d
6de41c50-0c49-4528-b60b-75c45d3630f4,bass,8.594845505378862,vdb-d-pre,inference-d
25789239-1075-43b9-bfc9-51dff4a29590,lead_male_singer,5.547137339774166,vdb-d-pre,inference-d
25789239-1075-43b9-bfc9-51dff4a29590,drums,7.688254137253021,vdb-d-pre,inference-d
25789239-1075-43b9-bfc9-51dff4a29590,bass,6.078960238639699,vdb-d-pre,inference-d
dc61c44e-a771-47a9-8934-a0eb8f3e08ac,lead_male_singer,2.5987978238158393,vdb-d-pre,inference-d
dc61c44e-a771-47a9-8934-a0eb8f3e08ac,drums,10.358098597085943,vdb-d-pre,inference-d
dc61c44e-a771-47a9-8934-a0eb8f3e08ac,bass,4.722110561438413,vdb-d-pre,inference-d
07fb2df2-91d6-458d-9230-9638b4edac08,lead_male_singer,7.458422335553859,vdb-d-pre,inference-d
07fb2df2-91d6-458d-9230-9638b4edac08,drums,12.947503820304853,vdb-d-pre,inference-d
07fb2df2-91d6-458d-9230-9638b4edac08,bass,7.000084366007626,vdb-d-pre,inference-d
3c557409-3a34-43c2-9159-5421bbad5ecb,lead_male_singer,4.696809950775329,vdb-d-pre,inference-d
3c557409-3a34-43c2-9159-5421bbad5ecb,drums,8.936201921263958,vdb-d-pre,inference-d
3c557409-3a34-43c2-9159-5421bbad5ecb,bass,8.892871326764777,vdb-d-pre,inference-d
28748b6e-6125-42f7-998d-2ad734e39b6c,lead_female_singer,4.568662754416226,vdb-d-pre,inference-d
28748b6e-6125-42f7-998d-2ad734e39b6c,drums,9.145456681388245,vdb-d-pre,inference-d
28748b6e-6125-42f7-998d-2ad734e39b6c,bass,11.867817768826496,vdb-d-pre,inference-d
1a32e987-cae8-458f-9c26-d9a6abf5348d,lead_male_singer,11.528817595388254,vdb-d-pre,inference-d
1a32e987-cae8-458f-9c26-d9a6abf5348d,drums,12.1810904224347,vdb-d-pre,inference-d
1a32e987-cae8-458f-9c26-d9a6abf5348d,bass,8.397177164667575,vdb-d-pre,inference-d
0d528a19-cb0f-4421-b250-444f9343e51c,lead_male_singer,9.139121437767765,vdb-d-pre,inference-d
0d528a19-cb0f-4421-b250-444f9343e51c,drums,9.75577567526999,vdb-d-pre,inference-d
0d528a19-cb0f-4421-b250-444f9343e51c,bass,12.858333877989924,vdb-d-pre,inference-d
215391aa-1168-42dd-9cab-f8b0c6ff566b,lead_male_singer,7.106722259477708,vdb-d-pre,inference-d
215391aa-1168-42dd-9cab-f8b0c6ff566b,drums,7.5633851455387635,vdb-d-pre,inference-d
215391aa-1168-42dd-9cab-f8b0c6ff566b,bass,5.668891250193884,vdb-d-pre,inference-d
606e3380-b062-4b74-88ac-b60d6f4d0a37,lead_male_singer,12.294059045528467,vdb-d-pre,inference-d
606e3380-b062-4b74-88ac-b60d6f4d0a37,drums,4.271000837310207,vdb-d-pre,inference-d
606e3380-b062-4b74-88ac-b60d6f4d0a37,bass,11.757652855233724,vdb-d-pre,inference-d
5640831d-7853-4d06-8166-988e2844b652,lead_female_singer,5.219421709408783,vdb-d-pre,inference-d
5640831d-7853-4d06-8166-988e2844b652,drums,7.092490025889017,vdb-d-pre,inference-d
5640831d-7853-4d06-8166-988e2844b652,bass,9.799289448034738,vdb-d-pre,inference-d
a199697c-3cdc-47c7-a9c7-c1b07dd6c9dd,lead_male_singer,8.166448342184577,vdb-d-pre,inference-d
a199697c-3cdc-47c7-a9c7-c1b07dd6c9dd,drums,8.475368196590248,vdb-d-pre,inference-d
a199697c-3cdc-47c7-a9c7-c1b07dd6c9dd,bass,7.03542673724196,vdb-d-pre,inference-d
11845abc-8ca3-4fb2-bd84-521aeeff56f4,lead_male_singer,12.466563317002922,vdb-d-pre,inference-d
11845abc-8ca3-4fb2-bd84-521aeeff56f4,drums,12.212367341779364,vdb-d-pre,inference-d
48c78ca6-18e9-42f2-9f05-fdbee90a7786,lead_male_singer,11.309510276325344,vdb-d-pre,inference-d
48c78ca6-18e9-42f2-9f05-fdbee90a7786,drums,11.243602471313475,vdb-d-pre,inference-d
88b545e5-4d06-4d55-a306-1bd3a2915ee5,lead_male_singer,13.030577770949892,vdb-d-pre,inference-d
88b545e5-4d06-4d55-a306-1bd3a2915ee5,drums,9.22942659574137,vdb-d-pre,inference-d
88b545e5-4d06-4d55-a306-1bd3a2915ee5,bass,9.32353851479655,vdb-d-pre,inference-d
c6d73235-1dd5-4085-a3b3-50a3466c6168,lead_female_singer,5.839459441631609,vdb-d-pre,inference-d
c6d73235-1dd5-4085-a3b3-50a3466c6168,drums,10.366850680268907,vdb-d-pre,inference-d
c6d73235-1dd5-4085-a3b3-50a3466c6168,bass,7.906314026328925,vdb-d-pre,inference-d
93dda0e8-dd76-49e4-b08f-54a82387cdf6,lead_female_singer,7.2675868739124025,vdb-d-pre,inference-d
93dda0e8-dd76-49e4-b08f-54a82387cdf6,drums,5.403949756891682,vdb-d-pre,inference-d
93dda0e8-dd76-49e4-b08f-54a82387cdf6,bass,6.150075857808043,vdb-d-pre,inference-d
4999a0bf-a753-4e0e-85b1-690259dabf96,lead_male_singer,8.066070998122804,vdb-d-pre,inference-d
4999a0bf-a753-4e0e-85b1-690259dabf96,drums,7.447883908659687,vdb-d-pre,inference-d
4999a0bf-a753-4e0e-85b1-690259dabf96,bass,-7.828564411948595,vdb-d-pre,inference-d
35983cdd-3903-46cb-b184-f96274ced57b,lead_male_singer,8.980097690693166,vdb-d-pre,inference-d
35983cdd-3903-46cb-b184-f96274ced57b,drums,12.714756727283746,vdb-d-pre,inference-d
35983cdd-3903-46cb-b184-f96274ced57b,bass,14.714605627869444,vdb-d-pre,inference-d
3e656eec-84d4-4a45-b410-d3817d849f92,lead_male_singer,2.1928879853803647,vdb-d-pre,inference-d
3e656eec-84d4-4a45-b410-d3817d849f92,drums,8.636114579858916,vdb-d-pre,inference-d
3e656eec-84d4-4a45-b410-d3817d849f92,bass,5.369210410021984,vdb-d-pre,inference-d
7dd515b0-e218-425d-b8bf-a75056237d6a,lead_male_singer,16.398143446074243,vdb-d-pre,inference-d
5a6df5c7-a58a-479e-bdfb-c5946c221933,lead_male_singer,7.715338943848803,vdb-d-pre,inference-d
5a6df5c7-a58a-479e-bdfb-c5946c221933,drums,12.265100513794994,vdb-d-pre,inference-d
5a6df5c7-a58a-479e-bdfb-c5946c221933,bass,12.156735518071034,vdb-d-pre,inference-d
bb45cf1a-4c58-4fe3-88ea-97ef27527507,lead_female_singer,2.690831477334652,vdb-d-pre,inference-d
bb45cf1a-4c58-4fe3-88ea-97ef27527507,drums,12.029912358707476,vdb-d-pre,inference-d
bb45cf1a-4c58-4fe3-88ea-97ef27527507,bass,10.135979136393683,vdb-d-pre,inference-d
125fc63d-9b69-4170-a46a-42c91bc28446,lead_female_singer,12.410781272813423,vdb-d-pre,inference-d
125fc63d-9b69-4170-a46a-42c91bc28446,drums,8.469795664672972,vdb-d-pre,inference-d
125fc63d-9b69-4170-a46a-42c91bc28446,bass,11.620075154272033,vdb-d-pre,inference-d
06bfc6e7-e5ac-4827-bf8e-ffaf1675872f,lead_female_singer,13.118706585256666,vdb-d-pre,inference-d
06bfc6e7-e5ac-4827-bf8e-ffaf1675872f,drums,9.246267031441617,vdb-d-pre,inference-d
06bfc6e7-e5ac-4827-bf8e-ffaf1675872f,bass,13.638138648269338,vdb-d-pre,inference-d
a1dcaeb2-f4e6-4818-b490-09f44d624afc,lead_male_singer,10.392223557161584,vdb-d-pre,inference-d
a1dcaeb2-f4e6-4818-b490-09f44d624afc,drums,9.139161937572894,vdb-d-pre,inference-d
a1dcaeb2-f4e6-4818-b490-09f44d624afc,bass,10.813337120374914,vdb-d-pre,inference-d
dda2c057-6d73-43fa-a130-d7d6562c09ca,lead_male_singer,7.331050295442546,vdb-d-pre,inference-d
dda2c057-6d73-43fa-a130-d7d6562c09ca,drums,12.51728184393168,vdb-d-pre,inference-d
dda2c057-6d73-43fa-a130-d7d6562c09ca,bass,12.226630756287447,vdb-d-pre,inference-d
aa600069-0a98-45e6-94fa-4000bfe46c25,lead_male_singer,9.992520250956263,vdb-d-pre,inference-d
aa600069-0a98-45e6-94fa-4000bfe46c25,drums,12.485635161674209,vdb-d-pre,inference-d
aa600069-0a98-45e6-94fa-4000bfe46c25,bass,10.741564996603756,vdb-d-pre,inference-d
3c3b5fdb-f15e-4ba4-884a-b083ce2426c6,lead_male_singer,8.55685852796561,vdb-d-pre,inference-d
3c3b5fdb-f15e-4ba4-884a-b083ce2426c6,drums,10.820091531701257,vdb-d-pre,inference-d
3c3b5fdb-f15e-4ba4-884a-b083ce2426c6,bass,13.426320016041466,vdb-d-pre,inference-d
8f36f17f-c033-4c1b-a793-80dce43d507b,lead_male_singer,10.452432673860322,vdb-d-pre,inference-d
8f36f17f-c033-4c1b-a793-80dce43d507b,drums,7.7507991587306035,vdb-d-pre,inference-d
7bfa233c-24ed-4c7a-9096-11e3aa00c55d,lead_male_singer,7.6986377799803325,vdb-d-pre,inference-d
7bfa233c-24ed-4c7a-9096-11e3aa00c55d,drums,11.752088148668607,vdb-d-pre,inference-d
7bfa233c-24ed-4c7a-9096-11e3aa00c55d,bass,12.315886153493805,vdb-d-pre,inference-d
ad9bbefc-8762-46c9-b847-da14b10802b6,lead_male_singer,7.572025344823179,vdb-d-pre,inference-d
ad9bbefc-8762-46c9-b847-da14b10802b6,drums,10.528098028457968,vdb-d-pre,inference-d
ad9bbefc-8762-46c9-b847-da14b10802b6,bass,8.185797288234044,vdb-d-pre,inference-d
8042b88a-6179-406b-9ec4-b45a4cdd4a71,lead_male_singer,4.3963482025705325,vdb-d-pre,inference-d
8042b88a-6179-406b-9ec4-b45a4cdd4a71,drums,6.864250473702524,vdb-d-pre,inference-d
8042b88a-6179-406b-9ec4-b45a4cdd4a71,bass,4.665910571078883,vdb-d-pre,inference-d
05e7af85-9721-4b42-952a-ccd34feb6033,lead_male_singer,7.701212476547276,vdb-d-pre,inference-d
05e7af85-9721-4b42-952a-ccd34feb6033,drums,9.112206150712804,vdb-d-pre,inference-d
05e7af85-9721-4b42-952a-ccd34feb6033,bass,8.860111230695274,vdb-d-pre,inference-d
4380ad97-2620-4419-a011-ddfa29a87f54,lead_male_singer,8.059069264466444,vdb-d-pre,inference-d
4380ad97-2620-4419-a011-ddfa29a87f54,drums,15.194003666118617,vdb-d-pre,inference-d
4380ad97-2620-4419-a011-ddfa29a87f54,bass,10.887282526580599,vdb-d-pre,inference-d
fc3c9e48-e2ac-4088-af65-68404baa7f12,lead_male_singer,7.908595928745097,vdb-d-pre,inference-d
fc3c9e48-e2ac-4088-af65-68404baa7f12,drums,11.183297390460808,vdb-d-pre,inference-d
fc3c9e48-e2ac-4088-af65-68404baa7f12,bass,7.244439262981457,vdb-d-pre,inference-d
c70471f9-9c4a-41c9-b8f8-20ac38847a8e,lead_female_singer,9.099112793631786,vdb-d-pre,inference-d
c70471f9-9c4a-41c9-b8f8-20ac38847a8e,drums,11.024935489750574,vdb-d-pre,inference-d
c70471f9-9c4a-41c9-b8f8-20ac38847a8e,bass,9.817645421403382,vdb-d-pre,inference-d
adb5e3fd-d039-42e4-b09b-fd0784fa0c82,lead_male_singer,6.086193937518754,vdb-d-pre,inference-d
adb5e3fd-d039-42e4-b09b-fd0784fa0c82,drums,8.346309378532249,vdb-d-pre,inference-d
adb5e3fd-d039-42e4-b09b-fd0784fa0c82,bass,8.216724507493138,vdb-d-pre,inference-d
6b48c9de-fa34-4635-9718-04e01a03a0fe,lead_male_singer,4.776709585423971,vdb-d-pre,inference-d
6b48c9de-fa34-4635-9718-04e01a03a0fe,drums,6.281206401640733,vdb-d-pre,inference-d
6b48c9de-fa34-4635-9718-04e01a03a0fe,bass,9.939734793505691,vdb-d-pre,inference-d
a56d9450-3a26-485c-8ac3-24b6b54e2c1d,lead_female_singer,13.846929228512373,vdb-d-pre,inference-d
a56d9450-3a26-485c-8ac3-24b6b54e2c1d,drums,12.946359225173063,vdb-d-pre,inference-d
a56d9450-3a26-485c-8ac3-24b6b54e2c1d,bass,15.676009341235034,vdb-d-pre,inference-d
1f98fe4d-26c7-460f-9f68-33964bc4d8d3,lead_male_singer,2.027871465420416,vdb-d-pre,inference-d
1f98fe4d-26c7-460f-9f68-33964bc4d8d3,drums,10.645291706691083,vdb-d-pre,inference-d
1f98fe4d-26c7-460f-9f68-33964bc4d8d3,bass,8.84054448351212,vdb-d-pre,inference-d
704f1de9-1d02-4c2b-af05-107a7700a51d,lead_male_singer,7.284379935127942,vdb-d-pre-aug,inference-d
704f1de9-1d02-4c2b-af05-107a7700a51d,drums,13.028061332692804,vdb-d-pre-aug,inference-d
704f1de9-1d02-4c2b-af05-107a7700a51d,bass,9.535408174610641,vdb-d-pre-aug,inference-d
8a6c9c1f-4865-404f-a805-1949de36a33c,lead_female_singer,13.399727397460026,vdb-d-pre-aug,inference-d
8a6c9c1f-4865-404f-a805-1949de36a33c,drums,12.556376601424317,vdb-d-pre-aug,inference-d
8a6c9c1f-4865-404f-a805-1949de36a33c,bass,16.81700026005786,vdb-d-pre-aug,inference-d
0358fd1e-244a-4422-9a42-29b5d68f6e4b,lead_male_singer,9.44708619379045,vdb-d-pre-aug,inference-d
0358fd1e-244a-4422-9a42-29b5d68f6e4b,drums,4.88802257740534,vdb-d-pre-aug,inference-d
1afe1b3b-3e2e-48d3-b859-f50e222cbaf4,lead_male_singer,5.105873154495038,vdb-d-pre-aug,inference-d
1afe1b3b-3e2e-48d3-b859-f50e222cbaf4,drums,7.129574825777652,vdb-d-pre-aug,inference-d
1afe1b3b-3e2e-48d3-b859-f50e222cbaf4,bass,15.946835429518181,vdb-d-pre-aug,inference-d
78ef22ce-472f-4f82-8656-16df73b9465f,lead_female_singer,11.030478442173298,vdb-d-pre-aug,inference-d
78ef22ce-472f-4f82-8656-16df73b9465f,drums,9.750780730284639,vdb-d-pre-aug,inference-d
78ef22ce-472f-4f82-8656-16df73b9465f,bass,16.01623478461966,vdb-d-pre-aug,inference-d
491c1ff5-1e7b-4046-8029-a82d4a8aefb4,lead_male_singer,15.394143000464094,vdb-d-pre-aug,inference-d
491c1ff5-1e7b-4046-8029-a82d4a8aefb4,drums,8.17276681015865,vdb-d-pre-aug,inference-d
491c1ff5-1e7b-4046-8029-a82d4a8aefb4,bass,13.315686906697934,vdb-d-pre-aug,inference-d
f0c565c5-fc73-4da1-b979-0fac0167f671,lead_female_singer,14.492694514386509,vdb-d-pre-aug,inference-d
f0c565c5-fc73-4da1-b979-0fac0167f671,drums,13.698721207083988,vdb-d-pre-aug,inference-d
f0c565c5-fc73-4da1-b979-0fac0167f671,bass,14.663281050902492,vdb-d-pre-aug,inference-d
6de41c50-0c49-4528-b60b-75c45d3630f4,lead_male_singer,9.091064185487088,vdb-d-pre-aug,inference-d
6de41c50-0c49-4528-b60b-75c45d3630f4,drums,7.257475667322671,vdb-d-pre-aug,inference-d
6de41c50-0c49-4528-b60b-75c45d3630f4,bass,9.378390068295674,vdb-d-pre-aug,inference-d
25789239-1075-43b9-bfc9-51dff4a29590,lead_male_singer,3.762925133027506,vdb-d-pre-aug,inference-d
25789239-1075-43b9-bfc9-51dff4a29590,drums,8.317570978113233,vdb-d-pre-aug,inference-d
25789239-1075-43b9-bfc9-51dff4a29590,bass,6.976473382589067,vdb-d-pre-aug,inference-d
dc61c44e-a771-47a9-8934-a0eb8f3e08ac,lead_male_singer,0.9406110119457711,vdb-d-pre-aug,inference-d
dc61c44e-a771-47a9-8934-a0eb8f3e08ac,drums,10.992670209798057,vdb-d-pre-aug,inference-d
dc61c44e-a771-47a9-8934-a0eb8f3e08ac,bass,5.720549763804584,vdb-d-pre-aug,inference-d
07fb2df2-91d6-458d-9230-9638b4edac08,lead_male_singer,7.860481651988513,vdb-d-pre-aug,inference-d
07fb2df2-91d6-458d-9230-9638b4edac08,drums,13.58059697858286,vdb-d-pre-aug,inference-d
07fb2df2-91d6-458d-9230-9638b4edac08,bass,7.502437210147034,vdb-d-pre-aug,inference-d
3c557409-3a34-43c2-9159-5421bbad5ecb,lead_male_singer,3.5566451694572345,vdb-d-pre-aug,inference-d
3c557409-3a34-43c2-9159-5421bbad5ecb,drums,9.146851881693388,vdb-d-pre-aug,inference-d
3c557409-3a34-43c2-9159-5421bbad5ecb,bass,9.710075979372366,vdb-d-pre-aug,inference-d
28748b6e-6125-42f7-998d-2ad734e39b6c,lead_female_singer,3.2278154597529687,vdb-d-pre-aug,inference-d
28748b6e-6125-42f7-998d-2ad734e39b6c,drums,9.517575159070637,vdb-d-pre-aug,inference-d
28748b6e-6125-42f7-998d-2ad734e39b6c,bass,12.44118411271293,vdb-d-pre-aug,inference-d
1a32e987-cae8-458f-9c26-d9a6abf5348d,lead_male_singer,11.923618801140897,vdb-d-pre-aug,inference-d
1a32e987-cae8-458f-9c26-d9a6abf5348d,drums,12.674122284906272,vdb-d-pre-aug,inference-d
1a32e987-cae8-458f-9c26-d9a6abf5348d,bass,9.78121100160894,vdb-d-pre-aug,inference-d
0d528a19-cb0f-4421-b250-444f9343e51c,lead_male_singer,9.386921645239337,vdb-d-pre-aug,inference-d
0d528a19-cb0f-4421-b250-444f9343e51c,drums,10.311890829841648,vdb-d-pre-aug,inference-d
0d528a19-cb0f-4421-b250-444f9343e51c,bass,14.084427309033984,vdb-d-pre-aug,inference-d
215391aa-1168-42dd-9cab-f8b0c6ff566b,lead_male_singer,7.946535083008732,vdb-d-pre-aug,inference-d
215391aa-1168-42dd-9cab-f8b0c6ff566b,drums,7.4728837237534975,vdb-d-pre-aug,inference-d
215391aa-1168-42dd-9cab-f8b0c6ff566b,bass,6.100749153925714,vdb-d-pre-aug,inference-d
606e3380-b062-4b74-88ac-b60d6f4d0a37,lead_male_singer,12.890890076330141,vdb-d-pre-aug,inference-d
606e3380-b062-4b74-88ac-b60d6f4d0a37,drums,4.339810597734014,vdb-d-pre-aug,inference-d
606e3380-b062-4b74-88ac-b60d6f4d0a37,bass,12.492736172116787,vdb-d-pre-aug,inference-d
5640831d-7853-4d06-8166-988e2844b652,lead_female_singer,5.393071286178776,vdb-d-pre-aug,inference-d
5640831d-7853-4d06-8166-988e2844b652,drums,8.661169920228328,vdb-d-pre-aug,inference-d
5640831d-7853-4d06-8166-988e2844b652,bass,11.24644080413093,vdb-d-pre-aug,inference-d
a199697c-3cdc-47c7-a9c7-c1b07dd6c9dd,lead_male_singer,8.071499124575436,vdb-d-pre-aug,inference-d
a199697c-3cdc-47c7-a9c7-c1b07dd6c9dd,drums,8.509442167789661,vdb-d-pre-aug,inference-d
a199697c-3cdc-47c7-a9c7-c1b07dd6c9dd,bass,8.142803984567033,vdb-d-pre-aug,inference-d
11845abc-8ca3-4fb2-bd84-521aeeff56f4,lead_male_singer,13.20906737431472,vdb-d-pre-aug,inference-d
11845abc-8ca3-4fb2-bd84-521aeeff56f4,drums,13.113072918414755,vdb-d-pre-aug,inference-d
48c78ca6-18e9-42f2-9f05-fdbee90a7786,lead_male_singer,11.968283563689841,vdb-d-pre-aug,inference-d
48c78ca6-18e9-42f2-9f05-fdbee90a7786,drums,11.968810753191587,vdb-d-pre-aug,inference-d
88b545e5-4d06-4d55-a306-1bd3a2915ee5,lead_male_singer,14.926096581156036,vdb-d-pre-aug,inference-d
88b545e5-4d06-4d55-a306-1bd3a2915ee5,drums,10.105635429376195,vdb-d-pre-aug,inference-d
88b545e5-4d06-4d55-a306-1bd3a2915ee5,bass,10.78272459606248,vdb-d-pre-aug,inference-d
c6d73235-1dd5-4085-a3b3-50a3466c6168,lead_female_singer,6.561031625374038,vdb-d-pre-aug,inference-d
c6d73235-1dd5-4085-a3b3-50a3466c6168,drums,11.069319652692062,vdb-d-pre-aug,inference-d
c6d73235-1dd5-4085-a3b3-50a3466c6168,bass,9.097633774733024,vdb-d-pre-aug,inference-d
93dda0e8-dd76-49e4-b08f-54a82387cdf6,lead_female_singer,5.983861965985322,vdb-d-pre-aug,inference-d
93dda0e8-dd76-49e4-b08f-54a82387cdf6,drums,5.084586922097552,vdb-d-pre-aug,inference-d
93dda0e8-dd76-49e4-b08f-54a82387cdf6,bass,5.935484042633297,vdb-d-pre-aug,inference-d
4999a0bf-a753-4e0e-85b1-690259dabf96,lead_male_singer,7.660649551066754,vdb-d-pre-aug,inference-d
4999a0bf-a753-4e0e-85b1-690259dabf96,drums,7.983407528347396,vdb-d-pre-aug,inference-d
4999a0bf-a753-4e0e-85b1-690259dabf96,bass,-7.866143984052901,vdb-d-pre-aug,inference-d
35983cdd-3903-46cb-b184-f96274ced57b,lead_male_singer,8.744432743874134,vdb-d-pre-aug,inference-d
35983cdd-3903-46cb-b184-f96274ced57b,drums,13.037018420692352,vdb-d-pre-aug,inference-d
35983cdd-3903-46cb-b184-f96274ced57b,bass,15.383664520338094,vdb-d-pre-aug,inference-d
3e656eec-84d4-4a45-b410-d3817d849f92,lead_male_singer,2.3558412822008603,vdb-d-pre-aug,inference-d
3e656eec-84d4-4a45-b410-d3817d849f92,drums,9.36210653823464,vdb-d-pre-aug,inference-d
3e656eec-84d4-4a45-b410-d3817d849f92,bass,6.716659772134035,vdb-d-pre-aug,inference-d
7dd515b0-e218-425d-b8bf-a75056237d6a,lead_male_singer,17.28172678769759,vdb-d-pre-aug,inference-d
5a6df5c7-a58a-479e-bdfb-c5946c221933,lead_male_singer,7.732798476493253,vdb-d-pre-aug,inference-d
5a6df5c7-a58a-479e-bdfb-c5946c221933,drums,12.630066598954567,vdb-d-pre-aug,inference-d
5a6df5c7-a58a-479e-bdfb-c5946c221933,bass,12.053291942954141,vdb-d-pre-aug,inference-d
bb45cf1a-4c58-4fe3-88ea-97ef27527507,lead_female_singer,3.21323432068406,vdb-d-pre-aug,inference-d
bb45cf1a-4c58-4fe3-88ea-97ef27527507,drums,12.364803558607388,vdb-d-pre-aug,inference-d
bb45cf1a-4c58-4fe3-88ea-97ef27527507,bass,10.539606345169798,vdb-d-pre-aug,inference-d
125fc63d-9b69-4170-a46a-42c91bc28446,lead_female_singer,13.875934620204083,vdb-d-pre-aug,inference-d
125fc63d-9b69-4170-a46a-42c91bc28446,drums,9.016829081083234,vdb-d-pre-aug,inference-d
125fc63d-9b69-4170-a46a-42c91bc28446,bass,13.172121713971134,vdb-d-pre-aug,inference-d
06bfc6e7-e5ac-4827-bf8e-ffaf1675872f,lead_female_singer,12.080458875601071,vdb-d-pre-aug,inference-d
06bfc6e7-e5ac-4827-bf8e-ffaf1675872f,drums,9.776074395375502,vdb-d-pre-aug,inference-d
06bfc6e7-e5ac-4827-bf8e-ffaf1675872f,bass,14.194451226517248,vdb-d-pre-aug,inference-d
a1dcaeb2-f4e6-4818-b490-09f44d624afc,lead_male_singer,11.445700790761498,vdb-d-pre-aug,inference-d
a1dcaeb2-f4e6-4818-b490-09f44d624afc,drums,10.005660733775976,vdb-d-pre-aug,inference-d
a1dcaeb2-f4e6-4818-b490-09f44d624afc,bass,11.872747474096654,vdb-d-pre-aug,inference-d
dda2c057-6d73-43fa-a130-d7d6562c09ca,lead_male_singer,7.671935797706454,vdb-d-pre-aug,inference-d
dda2c057-6d73-43fa-a130-d7d6562c09ca,drums,13.617847126877013,vdb-d-pre-aug,inference-d
dda2c057-6d73-43fa-a130-d7d6562c09ca,bass,13.20060899851778,vdb-d-pre-aug,inference-d
aa600069-0a98-45e6-94fa-4000bfe46c25,lead_male_singer,10.130015838136162,vdb-d-pre-aug,inference-d
aa600069-0a98-45e6-94fa-4000bfe46c25,drums,12.92357820346211,vdb-d-pre-aug,inference-d
aa600069-0a98-45e6-94fa-4000bfe46c25,bass,11.15151929704825,vdb-d-pre-aug,inference-d
3c3b5fdb-f15e-4ba4-884a-b083ce2426c6,lead_male_singer,8.25352328603155,vdb-d-pre-aug,inference-d
3c3b5fdb-f15e-4ba4-884a-b083ce2426c6,drums,10.930248789526239,vdb-d-pre-aug,inference-d
3c3b5fdb-f15e-4ba4-884a-b083ce2426c6,bass,13.484866284293446,vdb-d-pre-aug,inference-d
8f36f17f-c033-4c1b-a793-80dce43d507b,lead_male_singer,11.149809061574917,vdb-d-pre-aug,inference-d
8f36f17f-c033-4c1b-a793-80dce43d507b,drums,8.629741345876115,vdb-d-pre-aug,inference-d
7bfa233c-24ed-4c7a-9096-11e3aa00c55d,lead_male_singer,7.436380389348703,vdb-d-pre-aug,inference-d
7bfa233c-24ed-4c7a-9096-11e3aa00c55d,drums,12.598755876461883,vdb-d-pre-aug,inference-d
7bfa233c-24ed-4c7a-9096-11e3aa00c55d,bass,13.450591469788417,vdb-d-pre-aug,inference-d
ad9bbefc-8762-46c9-b847-da14b10802b6,lead_male_singer,8.436507459740675,vdb-d-pre-aug,inference-d
ad9bbefc-8762-46c9-b847-da14b10802b6,drums,11.064488556016423,vdb-d-pre-aug,inference-d
ad9bbefc-8762-46c9-b847-da14b10802b6,bass,9.227703188939874,vdb-d-pre-aug,inference-d
8042b88a-6179-406b-9ec4-b45a4cdd4a71,lead_male_singer,3.936339049024658,vdb-d-pre-aug,inference-d
8042b88a-6179-406b-9ec4-b45a4cdd4a71,drums,7.751194154340368,vdb-d-pre-aug,inference-d
8042b88a-6179-406b-9ec4-b45a4cdd4a71,bass,3.948410447950782,vdb-d-pre-aug,inference-d
05e7af85-9721-4b42-952a-ccd34feb6033,lead_male_singer,7.932327021773714,vdb-d-pre-aug,inference-d
05e7af85-9721-4b42-952a-ccd34feb6033,drums,8.776758368101378,vdb-d-pre-aug,inference-d
05e7af85-9721-4b42-952a-ccd34feb6033,bass,8.529036537528942,vdb-d-pre-aug,inference-d
4380ad97-2620-4419-a011-ddfa29a87f54,lead_male_singer,8.3198090949954,vdb-d-pre-aug,inference-d
4380ad97-2620-4419-a011-ddfa29a87f54,drums,15.545814343795449,vdb-d-pre-aug,inference-d
4380ad97-2620-4419-a011-ddfa29a87f54,bass,11.483986326457508,vdb-d-pre-aug,inference-d
fc3c9e48-e2ac-4088-af65-68404baa7f12,lead_male_singer,7.945994756443001,vdb-d-pre-aug,inference-d
fc3c9e48-e2ac-4088-af65-68404baa7f12,drums,10.147971366853987,vdb-d-pre-aug,inference-d
fc3c9e48-e2ac-4088-af65-68404baa7f12,bass,7.419207490288091,vdb-d-pre-aug,inference-d
c70471f9-9c4a-41c9-b8f8-20ac38847a8e,lead_female_singer,9.381614670555873,vdb-d-pre-aug,inference-d
c70471f9-9c4a-41c9-b8f8-20ac38847a8e,drums,13.489590134216499,vdb-d-pre-aug,inference-d
c70471f9-9c4a-41c9-b8f8-20ac38847a8e,bass,12.677943969360868,vdb-d-pre-aug,inference-d
adb5e3fd-d039-42e4-b09b-fd0784fa0c82,lead_male_singer,5.383494957708931,vdb-d-pre-aug,inference-d
adb5e3fd-d039-42e4-b09b-fd0784fa0c82,drums,8.617088676596454,vdb-d-pre-aug,inference-d
adb5e3fd-d039-42e4-b09b-fd0784fa0c82,bass,7.871168126546616,vdb-d-pre-aug,inference-d
6b48c9de-fa34-4635-9718-04e01a03a0fe,lead_male_singer,5.304380662228947,vdb-d-pre-aug,inference-d
6b48c9de-fa34-4635-9718-04e01a03a0fe,drums,6.503233515561706,vdb-d-pre-aug,inference-d
6b48c9de-fa34-4635-9718-04e01a03a0fe,bass,10.426514722999134,vdb-d-pre-aug,inference-d
a56d9450-3a26-485c-8ac3-24b6b54e2c1d,lead_female_singer,12.970308006974316,vdb-d-pre-aug,inference-d
a56d9450-3a26-485c-8ac3-24b6b54e2c1d,drums,12.957658282082086,vdb-d-pre-aug,inference-d
a56d9450-3a26-485c-8ac3-24b6b54e2c1d,bass,15.840262375544258,vdb-d-pre-aug,inference-d
1f98fe4d-26c7-460f-9f68-33964bc4d8d3,lead_male_singer,2.4857575238716545,vdb-d-pre-aug,inference-d
1f98fe4d-26c7-460f-9f68-33964bc4d8d3,drums,11.132871535772457,vdb-d-pre-aug,inference-d
1f98fe4d-26c7-460f-9f68-33964bc4d8d3,bass,9.582565263665522,vdb-d-pre-aug,inference-d
704f1de9-1d02-4c2b-af05-107a7700a51d,lead_male_singer,6.407863221979644,vdb-d-nopre,inference-o
704f1de9-1d02-4c2b-af05-107a7700a51d,drums,11.870454588909425,vdb-d-nopre,inference-o
704f1de9-1d02-4c2b-af05-107a7700a51d,bass,8.691062063330019,vdb-d-nopre,inference-o
8a6c9c1f-4865-404f-a805-1949de36a33c,lead_female_singer,11.990957342216838,vdb-d-nopre,inference-o
8a6c9c1f-4865-404f-a805-1949de36a33c,drums,11.303421059855886,vdb-d-nopre,inference-o
8a6c9c1f-4865-404f-a805-1949de36a33c,bass,16.88337750603325,vdb-d-nopre,inference-o
0358fd1e-244a-4422-9a42-29b5d68f6e4b,lead_male_singer,6.385204203296584,vdb-d-nopre,inference-o
0358fd1e-244a-4422-9a42-29b5d68f6e4b,drums,4.004925657118587,vdb-d-nopre,inference-o
1afe1b3b-3e2e-48d3-b859-f50e222cbaf4,lead_male_singer,4.210822698547986,vdb-d-nopre,inference-o
1afe1b3b-3e2e-48d3-b859-f50e222cbaf4,drums,5.293249874492396,vdb-d-nopre,inference-o
1afe1b3b-3e2e-48d3-b859-f50e222cbaf4,bass,13.41509004448745,vdb-d-nopre,inference-o
78ef22ce-472f-4f82-8656-16df73b9465f,lead_female_singer,9.175501723103636,vdb-d-nopre,inference-o
78ef22ce-472f-4f82-8656-16df73b9465f,drums,8.617339741299988,vdb-d-nopre,inference-o
78ef22ce-472f-4f82-8656-16df73b9465f,bass,14.39858454217747,vdb-d-nopre,inference-o
491c1ff5-1e7b-4046-8029-a82d4a8aefb4,lead_male_singer,12.755891160212592,vdb-d-nopre,inference-o
491c1ff5-1e7b-4046-8029-a82d4a8aefb4,drums,7.094858182034694,vdb-d-nopre,inference-o
491c1ff5-1e7b-4046-8029-a82d4a8aefb4,bass,7.127611650267049,vdb-d-nopre,inference-o
f0c565c5-fc73-4da1-b979-0fac0167f671,lead_female_singer,14.197051341775753,vdb-d-nopre,inference-o
f0c565c5-fc73-4da1-b979-0fac0167f671,drums,11.901290677808197,vdb-d-nopre,inference-o
f0c565c5-fc73-4da1-b979-0fac0167f671,bass,13.930695940999048,vdb-d-nopre,inference-o
6de41c50-0c49-4528-b60b-75c45d3630f4,lead_male_singer,8.052090686062899,vdb-d-nopre,inference-o
6de41c50-0c49-4528-b60b-75c45d3630f4,drums,6.88960420069815,vdb-d-nopre,inference-o
6de41c50-0c49-4528-b60b-75c45d3630f4,bass,8.466242541328295,vdb-d-nopre,inference-o
25789239-1075-43b9-bfc9-51dff4a29590,lead_male_singer,4.9308826383055155,vdb-d-nopre,inference-o
25789239-1075-43b9-bfc9-51dff4a29590,drums,7.0749415833413964,vdb-d-nopre,inference-o
25789239-1075-43b9-bfc9-51dff4a29590,bass,5.944963631268463,vdb-d-nopre,inference-o
dc61c44e-a771-47a9-8934-a0eb8f3e08ac,lead_male_singer,2.7730501301353385,vdb-d-nopre,inference-o
dc61c44e-a771-47a9-8934-a0eb8f3e08ac,drums,9.457996180560201,vdb-d-nopre,inference-o
dc61c44e-a771-47a9-8934-a0eb8f3e08ac,bass,3.723741191215366,vdb-d-nopre,inference-o
07fb2df2-91d6-458d-9230-9638b4edac08,lead_male_singer,6.309094088958796,vdb-d-nopre,inference-o
07fb2df2-91d6-458d-9230-9638b4edac08,drums,12.194900046653299,vdb-d-nopre,inference-o
07fb2df2-91d6-458d-9230-9638b4edac08,bass,5.345565416850944,vdb-d-nopre,inference-o
3c557409-3a34-43c2-9159-5421bbad5ecb,lead_male_singer,3.925858380139986,vdb-d-nopre,inference-o
3c557409-3a34-43c2-9159-5421bbad5ecb,drums,8.72957565759003,vdb-d-nopre,inference-o
3c557409-3a34-43c2-9159-5421bbad5ecb,bass,8.066633313843996,vdb-d-nopre,inference-o
28748b6e-6125-42f7-998d-2ad734e39b6c,lead_female_singer,6.050631809830472,vdb-d-nopre,inference-o
28748b6e-6125-42f7-998d-2ad734e39b6c,drums,8.552336595296524,vdb-d-nopre,inference-o
28748b6e-6125-42f7-998d-2ad734e39b6c,bass,10.925601663471227,vdb-d-nopre,inference-o
1a32e987-cae8-458f-9c26-d9a6abf5348d,lead_male_singer,10.429588842021076,vdb-d-nopre,inference-o
1a32e987-cae8-458f-9c26-d9a6abf5348d,drums,11.40618892492212,vdb-d-nopre,inference-o
1a32e987-cae8-458f-9c26-d9a6abf5348d,bass,6.822129487927353,vdb-d-nopre,inference-o
0d528a19-cb0f-4421-b250-444f9343e51c,lead_male_singer,8.68134732959885,vdb-d-nopre,inference-o
0d528a19-cb0f-4421-b250-444f9343e51c,drums,9.405769800320163,vdb-d-nopre,inference-o
0d528a19-cb0f-4421-b250-444f9343e51c,bass,12.183300762207569,vdb-d-nopre,inference-o
215391aa-1168-42dd-9cab-f8b0c6ff566b,lead_male_singer,3.750162537959393,vdb-d-nopre,inference-o
215391aa-1168-42dd-9cab-f8b0c6ff566b,drums,7.458296673850859,vdb-d-nopre,inference-o
215391aa-1168-42dd-9cab-f8b0c6ff566b,bass,4.864873579529663,vdb-d-nopre,inference-o
606e3380-b062-4b74-88ac-b60d6f4d0a37,lead_male_singer,10.562145161521876,vdb-d-nopre,inference-o
606e3380-b062-4b74-88ac-b60d6f4d0a37,drums,3.6568130012202253,vdb-d-nopre,inference-o
606e3380-b062-4b74-88ac-b60d6f4d0a37,bass,10.449024730224586,vdb-d-nopre,inference-o
5640831d-7853-4d06-8166-988e2844b652,lead_female_singer,5.299899022702972,vdb-d-nopre,inference-o
5640831d-7853-4d06-8166-988e2844b652,drums,7.320950201383125,vdb-d-nopre,inference-o
5640831d-7853-4d06-8166-988e2844b652,bass,10.199638271319785,vdb-d-nopre,inference-o
a199697c-3cdc-47c7-a9c7-c1b07dd6c9dd,lead_male_singer,7.19386582325365,vdb-d-nopre,inference-o
a199697c-3cdc-47c7-a9c7-c1b07dd6c9dd,drums,7.787516209815943,vdb-d-nopre,inference-o
a199697c-3cdc-47c7-a9c7-c1b07dd6c9dd,bass,6.501742362365661,vdb-d-nopre,inference-o
11845abc-8ca3-4fb2-bd84-521aeeff56f4,lead_male_singer,10.153294612836312,vdb-d-nopre,inference-o
11845abc-8ca3-4fb2-bd84-521aeeff56f4,drums,12.016071918322826,vdb-d-nopre,inference-o
48c78ca6-18e9-42f2-9f05-fdbee90a7786,lead_male_singer,10.180167411225325,vdb-d-nopre,inference-o
48c78ca6-18e9-42f2-9f05-fdbee90a7786,drums,10.849535578003572,vdb-d-nopre,inference-o
88b545e5-4d06-4d55-a306-1bd3a2915ee5,lead_male_singer,12.972649589706469,vdb-d-nopre,inference-o
88b545e5-4d06-4d55-a306-1bd3a2915ee5,drums,9.52578830179445,vdb-d-nopre,inference-o
88b545e5-4d06-4d55-a306-1bd3a2915ee5,bass,9.563052738655504,vdb-d-nopre,inference-o
c6d73235-1dd5-4085-a3b3-50a3466c6168,lead_female_singer,4.995882432951882,vdb-d-nopre,inference-o
c6d73235-1dd5-4085-a3b3-50a3466c6168,drums,9.709366007402163,vdb-d-nopre,inference-o
c6d73235-1dd5-4085-a3b3-50a3466c6168,bass,6.937785188643767,vdb-d-nopre,inference-o
93dda0e8-dd76-49e4-b08f-54a82387cdf6,lead_female_singer,4.942452103075869,vdb-d-nopre,inference-o
93dda0e8-dd76-49e4-b08f-54a82387cdf6,drums,4.568865070645377,vdb-d-nopre,inference-o
93dda0e8-dd76-49e4-b08f-54a82387cdf6,bass,6.245581998117676,vdb-d-nopre,inference-o
4999a0bf-a753-4e0e-85b1-690259dabf96,lead_male_singer,7.521720819895574,vdb-d-nopre,inference-o
4999a0bf-a753-4e0e-85b1-690259dabf96,drums,6.408428142476781,vdb-d-nopre,inference-o
4999a0bf-a753-4e0e-85b1-690259dabf96,bass,-7.744475061467142,vdb-d-nopre,inference-o
35983cdd-3903-46cb-b184-f96274ced57b,lead_male_singer,8.84391107696446,vdb-d-nopre,inference-o
35983cdd-3903-46cb-b184-f96274ced57b,drums,12.063092985755844,vdb-d-nopre,inference-o
35983cdd-3903-46cb-b184-f96274ced57b,bass,13.599514501489809,vdb-d-nopre,inference-o
3e656eec-84d4-4a45-b410-d3817d849f92,lead_male_singer,1.6933247505103468,vdb-d-nopre,inference-o
3e656eec-84d4-4a45-b410-d3817d849f92,drums,7.965781726875804,vdb-d-nopre,inference-o
3e656eec-84d4-4a45-b410-d3817d849f92,bass,4.616485785548081,vdb-d-nopre,inference-o
7dd515b0-e218-425d-b8bf-a75056237d6a,lead_male_singer,13.310793947224884,vdb-d-nopre,inference-o
5a6df5c7-a58a-479e-bdfb-c5946c221933,lead_male_singer,7.606762107030405,vdb-d-nopre,inference-o
5a6df5c7-a58a-479e-bdfb-c5946c221933,drums,11.91978644239831,vdb-d-nopre,inference-o
5a6df5c7-a58a-479e-bdfb-c5946c221933,bass,10.601271516556531,vdb-d-nopre,inference-o
bb45cf1a-4c58-4fe3-88ea-97ef27527507,lead_female_singer,1.7848509224871925,vdb-d-nopre,inference-o
bb45cf1a-4c58-4fe3-88ea-97ef27527507,drums,11.107151070807648,vdb-d-nopre,inference-o
bb45cf1a-4c58-4fe3-88ea-97ef27527507,bass,9.348982394838362,vdb-d-nopre,inference-o
125fc63d-9b69-4170-a46a-42c91bc28446,lead_female_singer,9.999363945897143,vdb-d-nopre,inference-o
125fc63d-9b69-4170-a46a-42c91bc28446,drums,7.87504763864699,vdb-d-nopre,inference-o
125fc63d-9b69-4170-a46a-42c91bc28446,bass,10.28087755325329,vdb-d-nopre,inference-o
06bfc6e7-e5ac-4827-bf8e-ffaf1675872f,lead_female_singer,11.602709237916729,vdb-d-nopre,inference-o
06bfc6e7-e5ac-4827-bf8e-ffaf1675872f,drums,8.630249408286154,vdb-d-nopre,inference-o
06bfc6e7-e5ac-4827-bf8e-ffaf1675872f,bass,11.684767549088901,vdb-d-nopre,inference-o
a1dcaeb2-f4e6-4818-b490-09f44d624afc,lead_male_singer,9.657730717113116,vdb-d-nopre,inference-o
a1dcaeb2-f4e6-4818-b490-09f44d624afc,drums,8.322660421977897,vdb-d-nopre,inference-o
a1dcaeb2-f4e6-4818-b490-09f44d624afc,bass,9.782983164836818,vdb-d-nopre,inference-o
dda2c057-6d73-43fa-a130-d7d6562c09ca,lead_male_singer,5.171946024655743,vdb-d-nopre,inference-o
dda2c057-6d73-43fa-a130-d7d6562c09ca,drums,12.491381374323735,vdb-d-nopre,inference-o
dda2c057-6d73-43fa-a130-d7d6562c09ca,bass,11.3215496660275,vdb-d-nopre,inference-o
aa600069-0a98-45e6-94fa-4000bfe46c25,lead_male_singer,8.640212940624144,vdb-d-nopre,inference-o
aa600069-0a98-45e6-94fa-4000bfe46c25,drums,11.922420421802606,vdb-d-nopre,inference-o
aa600069-0a98-45e6-94fa-4000bfe46c25,bass,9.603649968028593,vdb-d-nopre,inference-o
3c3b5fdb-f15e-4ba4-884a-b083ce2426c6,lead_male_singer,7.983028901126021,vdb-d-nopre,inference-o
3c3b5fdb-f15e-4ba4-884a-b083ce2426c6,drums,10.23140663178108,vdb-d-nopre,inference-o
3c3b5fdb-f15e-4ba4-884a-b083ce2426c6,bass,12.291632531794106,vdb-d-nopre,inference-o
8f36f17f-c033-4c1b-a793-80dce43d507b,lead_male_singer,9.36443616484519,vdb-d-nopre,inference-o
8f36f17f-c033-4c1b-a793-80dce43d507b,drums,6.918598707718912,vdb-d-nopre,inference-o
7bfa233c-24ed-4c7a-9096-11e3aa00c55d,lead_male_singer,7.228389327726942,vdb-d-nopre,inference-o
7bfa233c-24ed-4c7a-9096-11e3aa00c55d,drums,10.738310719946176,vdb-d-nopre,inference-o
7bfa233c-24ed-4c7a-9096-11e3aa00c55d,bass,10.82882467949949,vdb-d-nopre,inference-o
ad9bbefc-8762-46c9-b847-da14b10802b6,lead_male_singer,6.573503003772913,vdb-d-nopre,inference-o
ad9bbefc-8762-46c9-b847-da14b10802b6,drums,10.163687039459832,vdb-d-nopre,inference-o
ad9bbefc-8762-46c9-b847-da14b10802b6,bass,7.638578540614798,vdb-d-nopre,inference-o
8042b88a-6179-406b-9ec4-b45a4cdd4a71,lead_male_singer,3.4410357186380525,vdb-d-nopre,inference-o
8042b88a-6179-406b-9ec4-b45a4cdd4a71,drums,6.307088608056281,vdb-d-nopre,inference-o
8042b88a-6179-406b-9ec4-b45a4cdd4a71,bass,5.041123054482634,vdb-d-nopre,inference-o
05e7af85-9721-4b42-952a-ccd34feb6033,lead_male_singer,6.490124669707166,vdb-d-nopre,inference-o
05e7af85-9721-4b42-952a-ccd34feb6033,drums,9.02846008750404,vdb-d-nopre,inference-o
05e7af85-9721-4b42-952a-ccd34feb6033,bass,8.422198765512176,vdb-d-nopre,inference-o
4380ad97-2620-4419-a011-ddfa29a87f54,lead_male_singer,7.035994678913493,vdb-d-nopre,inference-o
4380ad97-2620-4419-a011-ddfa29a87f54,drums,14.48548418260378,vdb-d-nopre,inference-o
4380ad97-2620-4419-a011-ddfa29a87f54,bass,9.555094262599347,vdb-d-nopre,inference-o
fc3c9e48-e2ac-4088-af65-68404baa7f12,lead_male_singer,7.458234663795587,vdb-d-nopre,inference-o
fc3c9e48-e2ac-4088-af65-68404baa7f12,drums,10.01073927607315,vdb-d-nopre,inference-o
fc3c9e48-e2ac-4088-af65-68404baa7f12,bass,6.880309759217129,vdb-d-nopre,inference-o
c70471f9-9c4a-41c9-b8f8-20ac38847a8e,lead_female_singer,7.774410557091382,vdb-d-nopre,inference-o
c70471f9-9c4a-41c9-b8f8-20ac38847a8e,drums,10.354668207061808,vdb-d-nopre,inference-o
c70471f9-9c4a-41c9-b8f8-20ac38847a8e,bass,9.752088831997956,vdb-d-nopre,inference-o
adb5e3fd-d039-42e4-b09b-fd0784fa0c82,lead_male_singer,6.052634209458713,vdb-d-nopre,inference-o
adb5e3fd-d039-42e4-b09b-fd0784fa0c82,drums,8.2280032222261,vdb-d-nopre,inference-o
adb5e3fd-d039-42e4-b09b-fd0784fa0c82,bass,7.8438613314897045,vdb-d-nopre,inference-o
6b48c9de-fa34-4635-9718-04e01a03a0fe,lead_male_singer,4.5114379651125205,vdb-d-nopre,inference-o
6b48c9de-fa34-4635-9718-04e01a03a0fe,drums,5.769407918683194,vdb-d-nopre,inference-o
6b48c9de-fa34-4635-9718-04e01a03a0fe,bass,8.84629425731959,vdb-d-nopre,inference-o
a56d9450-3a26-485c-8ac3-24b6b54e2c1d,lead_female_singer,12.507286853756101,vdb-d-nopre,inference-o
a56d9450-3a26-485c-8ac3-24b6b54e2c1d,drums,11.955305139872543,vdb-d-nopre,inference-o
a56d9450-3a26-485c-8ac3-24b6b54e2c1d,bass,14.9335918795618,vdb-d-nopre,inference-o
1f98fe4d-26c7-460f-9f68-33964bc4d8d3,lead_male_singer,1.7255094298151645,vdb-d-nopre,inference-o
1f98fe4d-26c7-460f-9f68-33964bc4d8d3,drums,10.262590711806123,vdb-d-nopre,inference-o
1f98fe4d-26c7-460f-9f68-33964bc4d8d3,bass,8.146121638090843,vdb-d-nopre,inference-o
704f1de9-1d02-4c2b-af05-107a7700a51d,lead_male_singer,6.857678673970881,vdb-d-prefz,inference-o
704f1de9-1d02-4c2b-af05-107a7700a51d,drums,12.43815421186137,vdb-d-prefz,inference-o
704f1de9-1d02-4c2b-af05-107a7700a51d,bass,9.40985804126038,vdb-d-prefz,inference-o
8a6c9c1f-4865-404f-a805-1949de36a33c,lead_female_singer,13.405093381522635,vdb-d-prefz,inference-o
8a6c9c1f-4865-404f-a805-1949de36a33c,drums,12.084156748981698,vdb-d-prefz,inference-o
8a6c9c1f-4865-404f-a805-1949de36a33c,bass,17.769447692350195,vdb-d-prefz,inference-o
0358fd1e-244a-4422-9a42-29b5d68f6e4b,lead_male_singer,7.465191341227371,vdb-d-prefz,inference-o
0358fd1e-244a-4422-9a42-29b5d68f6e4b,drums,3.232927988000958,vdb-d-prefz,inference-o
1afe1b3b-3e2e-48d3-b859-f50e222cbaf4,lead_male_singer,4.806285929235554,vdb-d-prefz,inference-o
1afe1b3b-3e2e-48d3-b859-f50e222cbaf4,drums,6.359280731232224,vdb-d-prefz,inference-o
1afe1b3b-3e2e-48d3-b859-f50e222cbaf4,bass,15.03637145558904,vdb-d-prefz,inference-o
78ef22ce-472f-4f82-8656-16df73b9465f,lead_female_singer,10.610667108035607,vdb-d-prefz,inference-o
78ef22ce-472f-4f82-8656-16df73b9465f,drums,8.848888576373438,vdb-d-prefz,inference-o
78ef22ce-472f-4f82-8656-16df73b9465f,bass,14.644550259234313,vdb-d-prefz,inference-o
491c1ff5-1e7b-4046-8029-a82d4a8aefb4,lead_male_singer,14.457788647611725,vdb-d-prefz,inference-o
491c1ff5-1e7b-4046-8029-a82d4a8aefb4,drums,8.363707227727172,vdb-d-prefz,inference-o
491c1ff5-1e7b-4046-8029-a82d4a8aefb4,bass,11.587444521031342,vdb-d-prefz,inference-o
f0c565c5-fc73-4da1-b979-0fac0167f671,lead_female_singer,15.180140459070495,vdb-d-prefz,inference-o
f0c565c5-fc73-4da1-b979-0fac0167f671,drums,12.90042604071455,vdb-d-prefz,inference-o
f0c565c5-fc73-4da1-b979-0fac0167f671,bass,15.384088806917022,vdb-d-prefz,inference-o
6de41c50-0c49-4528-b60b-75c45d3630f4,lead_male_singer,8.73836137272453,vdb-d-prefz,inference-o
6de41c50-0c49-4528-b60b-75c45d3630f4,drums,6.919397165591404,vdb-d-prefz,inference-o
6de41c50-0c49-4528-b60b-75c45d3630f4,bass,8.836924065015,vdb-d-prefz,inference-o
25789239-1075-43b9-bfc9-51dff4a29590,lead_male_singer,5.546677104810245,vdb-d-prefz,inference-o
25789239-1075-43b9-bfc9-51dff4a29590,drums,8.162285643560011,vdb-d-prefz,inference-o
25789239-1075-43b9-bfc9-51dff4a29590,bass,6.4965240531111315,vdb-d-prefz,inference-o
dc61c44e-a771-47a9-8934-a0eb8f3e08ac,lead_male_singer,4.236836766125496,vdb-d-prefz,inference-o
dc61c44e-a771-47a9-8934-a0eb8f3e08ac,drums,9.907484951304067,vdb-d-prefz,inference-o
dc61c44e-a771-47a9-8934-a0eb8f3e08ac,bass,4.636855157424655,vdb-d-prefz,inference-o
07fb2df2-91d6-458d-9230-9638b4edac08,lead_male_singer,7.354341624275986,vdb-d-prefz,inference-o
07fb2df2-91d6-458d-9230-9638b4edac08,drums,12.81227974289729,vdb-d-prefz,inference-o
07fb2df2-91d6-458d-9230-9638b4edac08,bass,6.879206211714002,vdb-d-prefz,inference-o
3c557409-3a34-43c2-9159-5421bbad5ecb,lead_male_singer,4.6546486276674495,vdb-d-prefz,inference-o
3c557409-3a34-43c2-9159-5421bbad5ecb,drums,8.823492242345157,vdb-d-prefz,inference-o
3c557409-3a34-43c2-9159-5421bbad5ecb,bass,8.777486106843725,vdb-d-prefz,inference-o
28748b6e-6125-42f7-998d-2ad734e39b6c,lead_female_singer,8.972441585992675,vdb-d-prefz,inference-o
28748b6e-6125-42f7-998d-2ad734e39b6c,drums,9.114466887899749,vdb-d-prefz,inference-o
28748b6e-6125-42f7-998d-2ad734e39b6c,bass,11.134417080693328,vdb-d-prefz,inference-o
1a32e987-cae8-458f-9c26-d9a6abf5348d,lead_male_singer,11.258325423200139,vdb-d-prefz,inference-o
1a32e987-cae8-458f-9c26-d9a6abf5348d,drums,12.34349527252065,vdb-d-prefz,inference-o
1a32e987-cae8-458f-9c26-d9a6abf5348d,bass,8.390673533357834,vdb-d-prefz,inference-o
0d528a19-cb0f-4421-b250-444f9343e51c,lead_male_singer,9.126430431157925,vdb-d-prefz,inference-o
0d528a19-cb0f-4421-b250-444f9343e51c,drums,9.85726886659625,vdb-d-prefz,inference-o
0d528a19-cb0f-4421-b250-444f9343e51c,bass,13.135490800336493,vdb-d-prefz,inference-o
215391aa-1168-42dd-9cab-f8b0c6ff566b,lead_male_singer,7.069517462078728,vdb-d-prefz,inference-o
215391aa-1168-42dd-9cab-f8b0c6ff566b,drums,7.580247419193955,vdb-d-prefz,inference-o
215391aa-1168-42dd-9cab-f8b0c6ff566b,bass,5.878488990604121,vdb-d-prefz,inference-o
606e3380-b062-4b74-88ac-b60d6f4d0a37,lead_male_singer,11.991811289493768,vdb-d-prefz,inference-o
606e3380-b062-4b74-88ac-b60d6f4d0a37,drums,3.9992571734873508,vdb-d-prefz,inference-o
606e3380-b062-4b74-88ac-b60d6f4d0a37,bass,12.046158507710857,vdb-d-prefz,inference-o
5640831d-7853-4d06-8166-988e2844b652,lead_female_singer,5.194134888077794,vdb-d-prefz,inference-o
5640831d-7853-4d06-8166-988e2844b652,drums,7.944450911369074,vdb-d-prefz,inference-o
5640831d-7853-4d06-8166-988e2844b652,bass,10.430700725865183,vdb-d-prefz,inference-o
a199697c-3cdc-47c7-a9c7-c1b07dd6c9dd,lead_male_singer,7.557062252811906,vdb-d-prefz,inference-o
a199697c-3cdc-47c7-a9c7-c1b07dd6c9dd,drums,8.584285832489726,vdb-d-prefz,inference-o
a199697c-3cdc-47c7-a9c7-c1b07dd6c9dd,bass,7.553591390991458,vdb-d-prefz,inference-o
11845abc-8ca3-4fb2-bd84-521aeeff56f4,lead_male_singer,11.904463656228643,vdb-d-prefz,inference-o
11845abc-8ca3-4fb2-bd84-521aeeff56f4,drums,11.9007371723069,vdb-d-prefz,inference-o
48c78ca6-18e9-42f2-9f05-fdbee90a7786,lead_male_singer,11.409827091718824,vdb-d-prefz,inference-o
48c78ca6-18e9-42f2-9f05-fdbee90a7786,drums,11.573681824003765,vdb-d-prefz,inference-o
88b545e5-4d06-4d55-a306-1bd3a2915ee5,lead_male_singer,12.893966598570861,vdb-d-prefz,inference-o
88b545e5-4d06-4d55-a306-1bd3a2915ee5,drums,9.954901916062113,vdb-d-prefz,inference-o
88b545e5-4d06-4d55-a306-1bd3a2915ee5,bass,10.513833180815178,vdb-d-prefz,inference-o
c6d73235-1dd5-4085-a3b3-50a3466c6168,lead_female_singer,4.860201053905015,vdb-d-prefz,inference-o
c6d73235-1dd5-4085-a3b3-50a3466c6168,drums,10.37896485747618,vdb-d-prefz,inference-o
c6d73235-1dd5-4085-a3b3-50a3466c6168,bass,8.422891347206985,vdb-d-prefz,inference-o
93dda0e8-dd76-49e4-b08f-54a82387cdf6,lead_female_singer,8.12794829902309,vdb-d-prefz,inference-o
93dda0e8-dd76-49e4-b08f-54a82387cdf6,drums,5.063902582939636,vdb-d-prefz,inference-o
93dda0e8-dd76-49e4-b08f-54a82387cdf6,bass,6.089218575952736,vdb-d-prefz,inference-o
4999a0bf-a753-4e0e-85b1-690259dabf96,lead_male_singer,7.570174805094421,vdb-d-prefz,inference-o
4999a0bf-a753-4e0e-85b1-690259dabf96,drums,7.532177287259918,vdb-d-prefz,inference-o
4999a0bf-a753-4e0e-85b1-690259dabf96,bass,-7.839278296855453,vdb-d-prefz,inference-o
35983cdd-3903-46cb-b184-f96274ced57b,lead_male_singer,9.184937764635182,vdb-d-prefz,inference-o
35983cdd-3903-46cb-b184-f96274ced57b,drums,12.734639587696234,vdb-d-prefz,inference-o
35983cdd-3903-46cb-b184-f96274ced57b,bass,14.572896134337887,vdb-d-prefz,inference-o
3e656eec-84d4-4a45-b410-d3817d849f92,lead_male_singer,1.3489835512323762,vdb-d-prefz,inference-o
3e656eec-84d4-4a45-b410-d3817d849f92,drums,8.666887748462287,vdb-d-prefz,inference-o
3e656eec-84d4-4a45-b410-d3817d849f92,bass,5.906600344999466,vdb-d-prefz,inference-o
7dd515b0-e218-425d-b8bf-a75056237d6a,lead_male_singer,16.011420699111508,vdb-d-prefz,inference-o
5a6df5c7-a58a-479e-bdfb-c5946c221933,lead_male_singer,7.788417549822231,vdb-d-prefz,inference-o
5a6df5c7-a58a-479e-bdfb-c5946c221933,drums,12.129903937444881,vdb-d-prefz,inference-o
5a6df5c7-a58a-479e-bdfb-c5946c221933,bass,11.400965728974622,vdb-d-prefz,inference-o
bb45cf1a-4c58-4fe3-88ea-97ef27527507,lead_female_singer,4.198656917185145,vdb-d-prefz,inference-o
bb45cf1a-4c58-4fe3-88ea-97ef27527507,drums,11.983665925303953,vdb-d-prefz,inference-o
bb45cf1a-4c58-4fe3-88ea-97ef27527507,bass,9.697710153970338,vdb-d-prefz,inference-o
125fc63d-9b69-4170-a46a-42c91bc28446,lead_female_singer,11.42917584281589,vdb-d-prefz,inference-o
125fc63d-9b69-4170-a46a-42c91bc28446,drums,8.300590139660994,vdb-d-prefz,inference-o
125fc63d-9b69-4170-a46a-42c91bc28446,bass,11.760564722340355,vdb-d-prefz,inference-o
06bfc6e7-e5ac-4827-bf8e-ffaf1675872f,lead_female_singer,13.003434709497615,vdb-d-prefz,inference-o
06bfc6e7-e5ac-4827-bf8e-ffaf1675872f,drums,9.345393650326137,vdb-d-prefz,inference-o
06bfc6e7-e5ac-4827-bf8e-ffaf1675872f,bass,13.816629167022272,vdb-d-prefz,inference-o
a1dcaeb2-f4e6-4818-b490-09f44d624afc,lead_male_singer,10.695794460502501,vdb-d-prefz,inference-o
a1dcaeb2-f4e6-4818-b490-09f44d624afc,drums,9.170432440522065,vdb-d-prefz,inference-o
a1dcaeb2-f4e6-4818-b490-09f44d624afc,bass,10.914388457087135,vdb-d-prefz,inference-o
dda2c057-6d73-43fa-a130-d7d6562c09ca,lead_male_singer,7.141108001792128,vdb-d-prefz,inference-o
dda2c057-6d73-43fa-a130-d7d6562c09ca,drums,12.816643808063564,vdb-d-prefz,inference-o
dda2c057-6d73-43fa-a130-d7d6562c09ca,bass,12.411650988543538,vdb-d-prefz,inference-o
aa600069-0a98-45e6-94fa-4000bfe46c25,lead_male_singer,9.776666117992782,vdb-d-prefz,inference-o
aa600069-0a98-45e6-94fa-4000bfe46c25,drums,12.482200289792257,vdb-d-prefz,inference-o
aa600069-0a98-45e6-94fa-4000bfe46c25,bass,10.447310301700101,vdb-d-prefz,inference-o
3c3b5fdb-f15e-4ba4-884a-b083ce2426c6,lead_male_singer,8.321654064978164,vdb-d-prefz,inference-o
3c3b5fdb-f15e-4ba4-884a-b083ce2426c6,drums,10.608146441305749,vdb-d-prefz,inference-o
3c3b5fdb-f15e-4ba4-884a-b083ce2426c6,bass,12.8723301541849,vdb-d-prefz,inference-o
8f36f17f-c033-4c1b-a793-80dce43d507b,lead_male_singer,10.466155415249714,vdb-d-prefz,inference-o
8f36f17f-c033-4c1b-a793-80dce43d507b,drums,7.113385764806221,vdb-d-prefz,inference-o
7bfa233c-24ed-4c7a-9096-11e3aa00c55d,lead_male_singer,7.606041246395524,vdb-d-prefz,inference-o
7bfa233c-24ed-4c7a-9096-11e3aa00c55d,drums,11.729111413829223,vdb-d-prefz,inference-o
7bfa233c-24ed-4c7a-9096-11e3aa00c55d,bass,12.084126294042235,vdb-d-prefz,inference-o
ad9bbefc-8762-46c9-b847-da14b10802b6,lead_male_singer,6.921835368810552,vdb-d-prefz,inference-o
ad9bbefc-8762-46c9-b847-da14b10802b6,drums,10.458401173032655,vdb-d-prefz,inference-o
ad9bbefc-8762-46c9-b847-da14b10802b6,bass,8.486628131385558,vdb-d-prefz,inference-o
8042b88a-6179-406b-9ec4-b45a4cdd4a71,lead_male_singer,4.754998455983629,vdb-d-prefz,inference-o
8042b88a-6179-406b-9ec4-b45a4cdd4a71,drums,7.698451750152191,vdb-d-prefz,inference-o
8042b88a-6179-406b-9ec4-b45a4cdd4a71,bass,4.729344565943758,vdb-d-prefz,inference-o
05e7af85-9721-4b42-952a-ccd34feb6033,lead_male_singer,7.506899020853189,vdb-d-prefz,inference-o
05e7af85-9721-4b42-952a-ccd34feb6033,drums,9.14546780279457,vdb-d-prefz,inference-o
05e7af85-9721-4b42-952a-ccd34feb6033,bass,8.912131741221392,vdb-d-prefz,inference-o
4380ad97-2620-4419-a011-ddfa29a87f54,lead_male_singer,7.755880045873601,vdb-d-prefz,inference-o
4380ad97-2620-4419-a011-ddfa29a87f54,drums,14.979047465150616,vdb-d-prefz,inference-o
4380ad97-2620-4419-a011-ddfa29a87f54,bass,10.827664987307116,vdb-d-prefz,inference-o
fc3c9e48-e2ac-4088-af65-68404baa7f12,lead_male_singer,8.078211094907143,vdb-d-prefz,inference-o
fc3c9e48-e2ac-4088-af65-68404baa7f12,drums,10.967872697038102,vdb-d-prefz,inference-o
fc3c9e48-e2ac-4088-af65-68404baa7f12,bass,7.2052856088606205,vdb-d-prefz,inference-o
c70471f9-9c4a-41c9-b8f8-20ac38847a8e,lead_female_singer,8.987296768104926,vdb-d-prefz,inference-o
c70471f9-9c4a-41c9-b8f8-20ac38847a8e,drums,11.261107121176458,vdb-d-prefz,inference-o
c70471f9-9c4a-41c9-b8f8-20ac38847a8e,bass,10.151915719738831,vdb-d-prefz,inference-o
adb5e3fd-d039-42e4-b09b-fd0784fa0c82,lead_male_singer,6.369626657484705,vdb-d-prefz,inference-o
adb5e3fd-d039-42e4-b09b-fd0784fa0c82,drums,8.197220996492348,vdb-d-prefz,inference-o
adb5e3fd-d039-42e4-b09b-fd0784fa0c82,bass,7.663469820180869,vdb-d-prefz,inference-o
6b48c9de-fa34-4635-9718-04e01a03a0fe,lead_male_singer,4.088272410644712,vdb-d-prefz,inference-o
6b48c9de-fa34-4635-9718-04e01a03a0fe,drums,6.266592656742137,vdb-d-prefz,inference-o
6b48c9de-fa34-4635-9718-04e01a03a0fe,bass,9.934790688300001,vdb-d-prefz,inference-o
a56d9450-3a26-485c-8ac3-24b6b54e2c1d,lead_female_singer,13.610336535413436,vdb-d-prefz,inference-o
a56d9450-3a26-485c-8ac3-24b6b54e2c1d,drums,12.59348935643823,vdb-d-prefz,inference-o
a56d9450-3a26-485c-8ac3-24b6b54e2c1d,bass,16.22913103265335,vdb-d-prefz,inference-o
1f98fe4d-26c7-460f-9f68-33964bc4d8d3,lead_male_singer,1.4222012555972077,vdb-d-prefz,inference-o
1f98fe4d-26c7-460f-9f68-33964bc4d8d3,drums,10.571698894763625,vdb-d-prefz,inference-o
1f98fe4d-26c7-460f-9f68-33964bc4d8d3,bass,8.846785687187904,vdb-d-prefz,inference-o
704f1de9-1d02-4c2b-af05-107a7700a51d,lead_male_singer,7.57618798693642,vdb-d-pre,inference-o
704f1de9-1d02-4c2b-af05-107a7700a51d,drums,12.077415724546295,vdb-d-pre,inference-o
704f1de9-1d02-4c2b-af05-107a7700a51d,bass,8.809340195955835,vdb-d-pre,inference-o
8a6c9c1f-4865-404f-a805-1949de36a33c,lead_female_singer,13.774416283983232,vdb-d-pre,inference-o
8a6c9c1f-4865-404f-a805-1949de36a33c,drums,12.383731456713372,vdb-d-pre,inference-o
8a6c9c1f-4865-404f-a805-1949de36a33c,bass,18.29611050107585,vdb-d-pre,inference-o
0358fd1e-244a-4422-9a42-29b5d68f6e4b,lead_male_singer,8.52658327303213,vdb-d-pre,inference-o
0358fd1e-244a-4422-9a42-29b5d68f6e4b,drums,5.242500006293218,vdb-d-pre,inference-o
1afe1b3b-3e2e-48d3-b859-f50e222cbaf4,lead_male_singer,4.725558380036549,vdb-d-pre,inference-o
1afe1b3b-3e2e-48d3-b859-f50e222cbaf4,drums,6.100550884182576,vdb-d-pre,inference-o
1afe1b3b-3e2e-48d3-b859-f50e222cbaf4,bass,14.587947197838476,vdb-d-pre,inference-o
78ef22ce-472f-4f82-8656-16df73b9465f,lead_female_singer,10.548088838605862,vdb-d-pre,inference-o
78ef22ce-472f-4f82-8656-16df73b9465f,drums,9.338335537758567,vdb-d-pre,inference-o
78ef22ce-472f-4f82-8656-16df73b9465f,bass,15.419857819525173,vdb-d-pre,inference-o
491c1ff5-1e7b-4046-8029-a82d4a8aefb4,lead_male_singer,14.778097891276207,vdb-d-pre,inference-o
491c1ff5-1e7b-4046-8029-a82d4a8aefb4,drums,8.637967370188967,vdb-d-pre,inference-o
491c1ff5-1e7b-4046-8029-a82d4a8aefb4,bass,10.484105786583218,vdb-d-pre,inference-o
f0c565c5-fc73-4da1-b979-0fac0167f671,lead_female_singer,15.234627082405643,vdb-d-pre,inference-o
f0c565c5-fc73-4da1-b979-0fac0167f671,drums,13.437876150524353,vdb-d-pre,inference-o
f0c565c5-fc73-4da1-b979-0fac0167f671,bass,16.067209066277837,vdb-d-pre,inference-o
6de41c50-0c49-4528-b60b-75c45d3630f4,lead_male_singer,8.697862945737107,vdb-d-pre,inference-o
6de41c50-0c49-4528-b60b-75c45d3630f4,drums,6.578567645289146,vdb-d-pre,inference-o
6de41c50-0c49-4528-b60b-75c45d3630f4,bass,8.59565365659306,vdb-d-pre,inference-o
25789239-1075-43b9-bfc9-51dff4a29590,lead_male_singer,5.546175841273242,vdb-d-pre,inference-o
25789239-1075-43b9-bfc9-51dff4a29590,drums,7.687552769702458,vdb-d-pre,inference-o
25789239-1075-43b9-bfc9-51dff4a29590,bass,6.080500409935628,vdb-d-pre,inference-o
dc61c44e-a771-47a9-8934-a0eb8f3e08ac,lead_male_singer,2.594933573255834,vdb-d-pre,inference-o
dc61c44e-a771-47a9-8934-a0eb8f3e08ac,drums,10.358461852858404,vdb-d-pre,inference-o
dc61c44e-a771-47a9-8934-a0eb8f3e08ac,bass,4.722060669870668,vdb-d-pre,inference-o
07fb2df2-91d6-458d-9230-9638b4edac08,lead_male_singer,7.459117165736087,vdb-d-pre,inference-o
07fb2df2-91d6-458d-9230-9638b4edac08,drums,12.947319454550467,vdb-d-pre,inference-o
07fb2df2-91d6-458d-9230-9638b4edac08,bass,6.9994208471373645,vdb-d-pre,inference-o
3c557409-3a34-43c2-9159-5421bbad5ecb,lead_male_singer,4.695015063051584,vdb-d-pre,inference-o
3c557409-3a34-43c2-9159-5421bbad5ecb,drums,8.93590273279939,vdb-d-pre,inference-o
3c557409-3a34-43c2-9159-5421bbad5ecb,bass,8.89260779612698,vdb-d-pre,inference-o
28748b6e-6125-42f7-998d-2ad734e39b6c,lead_female_singer,4.530915276245663,vdb-d-pre,inference-o
28748b6e-6125-42f7-998d-2ad734e39b6c,drums,9.145098872934128,vdb-d-pre,inference-o
28748b6e-6125-42f7-998d-2ad734e39b6c,bass,11.869529757087635,vdb-d-pre,inference-o
1a32e987-cae8-458f-9c26-d9a6abf5348d,lead_male_singer,11.529131118851161,vdb-d-pre,inference-o
1a32e987-cae8-458f-9c26-d9a6abf5348d,drums,12.182375184457783,vdb-d-pre,inference-o
1a32e987-cae8-458f-9c26-d9a6abf5348d,bass,8.396983886875814,vdb-d-pre,inference-o
0d528a19-cb0f-4421-b250-444f9343e51c,lead_male_singer,9.139451420279384,vdb-d-pre,inference-o
0d528a19-cb0f-4421-b250-444f9343e51c,drums,9.7562319137676,vdb-d-pre,inference-o
0d528a19-cb0f-4421-b250-444f9343e51c,bass,12.858208402528382,vdb-d-pre,inference-o
215391aa-1168-42dd-9cab-f8b0c6ff566b,lead_male_singer,7.104656224341399,vdb-d-pre,inference-o
215391aa-1168-42dd-9cab-f8b0c6ff566b,drums,7.563526336391197,vdb-d-pre,inference-o
215391aa-1168-42dd-9cab-f8b0c6ff566b,bass,5.668808535516759,vdb-d-pre,inference-o
606e3380-b062-4b74-88ac-b60d6f4d0a37,lead_male_singer,12.292830483724845,vdb-d-pre,inference-o
606e3380-b062-4b74-88ac-b60d6f4d0a37,drums,4.272997371585747,vdb-d-pre,inference-o
606e3380-b062-4b74-88ac-b60d6f4d0a37,bass,11.757959407843376,vdb-d-pre,inference-o
5640831d-7853-4d06-8166-988e2844b652,lead_female_singer,5.205338110317773,vdb-d-pre,inference-o
5640831d-7853-4d06-8166-988e2844b652,drums,7.091870881486255,vdb-d-pre,inference-o
5640831d-7853-4d06-8166-988e2844b652,bass,9.799630906190398,vdb-d-pre,inference-o
a199697c-3cdc-47c7-a9c7-c1b07dd6c9dd,lead_male_singer,8.166167601635365,vdb-d-pre,inference-o
a199697c-3cdc-47c7-a9c7-c1b07dd6c9dd,drums,8.474233848162068,vdb-d-pre,inference-o
a199697c-3cdc-47c7-a9c7-c1b07dd6c9dd,bass,7.035393536623474,vdb-d-pre,inference-o
11845abc-8ca3-4fb2-bd84-521aeeff56f4,lead_male_singer,12.472179936610509,vdb-d-pre,inference-o
11845abc-8ca3-4fb2-bd84-521aeeff56f4,drums,12.2118586238259,vdb-d-pre,inference-o
48c78ca6-18e9-42f2-9f05-fdbee90a7786,lead_male_singer,11.309962771021594,vdb-d-pre,inference-o
48c78ca6-18e9-42f2-9f05-fdbee90a7786,drums,11.243713681026879,vdb-d-pre,inference-o
88b545e5-4d06-4d55-a306-1bd3a2915ee5,lead_male_singer,13.032149373933947,vdb-d-pre,inference-o
88b545e5-4d06-4d55-a306-1bd3a2915ee5,drums,9.228625082713359,vdb-d-pre,inference-o
88b545e5-4d06-4d55-a306-1bd3a2915ee5,bass,9.323144921918384,vdb-d-pre,inference-o
c6d73235-1dd5-4085-a3b3-50a3466c6168,lead_female_singer,5.86187323859682,vdb-d-pre,inference-o
c6d73235-1dd5-4085-a3b3-50a3466c6168,drums,10.36685616477953,vdb-d-pre,inference-o
c6d73235-1dd5-4085-a3b3-50a3466c6168,bass,7.905311339955389,vdb-d-pre,inference-o
93dda0e8-dd76-49e4-b08f-54a82387cdf6,lead_female_singer,7.237272055357167,vdb-d-pre,inference-o
93dda0e8-dd76-49e4-b08f-54a82387cdf6,drums,5.406101948923264,vdb-d-pre,inference-o
93dda0e8-dd76-49e4-b08f-54a82387cdf6,bass,6.150134257923884,vdb-d-pre,inference-o
4999a0bf-a753-4e0e-85b1-690259dabf96,lead_male_singer,8.066306286415765,vdb-d-pre,inference-o
4999a0bf-a753-4e0e-85b1-690259dabf96,drums,7.4474611529176835,vdb-d-pre,inference-o
4999a0bf-a753-4e0e-85b1-690259dabf96,bass,-7.828250660106897,vdb-d-pre,inference-o
35983cdd-3903-46cb-b184-f96274ced57b,lead_male_singer,8.980041447493658,vdb-d-pre,inference-o
35983cdd-3903-46cb-b184-f96274ced57b,drums,12.714281451423696,vdb-d-pre,inference-o
35983cdd-3903-46cb-b184-f96274ced57b,bass,14.714392891116015,vdb-d-pre,inference-o
3e656eec-84d4-4a45-b410-d3817d849f92,lead_male_singer,2.179048254332386,vdb-d-pre,inference-o
3e656eec-84d4-4a45-b410-d3817d849f92,drums,8.636025145226554,vdb-d-pre,inference-o
3e656eec-84d4-4a45-b410-d3817d849f92,bass,5.368791662354609,vdb-d-pre,inference-o
7dd515b0-e218-425d-b8bf-a75056237d6a,lead_male_singer,16.39642792975281,vdb-d-pre,inference-o
5a6df5c7-a58a-479e-bdfb-c5946c221933,lead_male_singer,7.715021262324909,vdb-d-pre,inference-o
5a6df5c7-a58a-479e-bdfb-c5946c221933,drums,12.264419024415524,vdb-d-pre,inference-o
5a6df5c7-a58a-479e-bdfb-c5946c221933,bass,12.156713352073979,vdb-d-pre,inference-o
bb45cf1a-4c58-4fe3-88ea-97ef27527507,lead_female_singer,2.6996767693954844,vdb-d-pre,inference-o
bb45cf1a-4c58-4fe3-88ea-97ef27527507,drums,12.029948834546694,vdb-d-pre,inference-o
bb45cf1a-4c58-4fe3-88ea-97ef27527507,bass,10.136237754822954,vdb-d-pre,inference-o
125fc63d-9b69-4170-a46a-42c91bc28446,lead_female_singer,12.419480802642248,vdb-d-pre,inference-o
125fc63d-9b69-4170-a46a-42c91bc28446,drums,8.469668326923745,vdb-d-pre,inference-o
125fc63d-9b69-4170-a46a-42c91bc28446,bass,11.620226319525928,vdb-d-pre,inference-o
06bfc6e7-e5ac-4827-bf8e-ffaf1675872f,lead_female_singer,13.112378795424945,vdb-d-pre,inference-o
06bfc6e7-e5ac-4827-bf8e-ffaf1675872f,drums,9.24642936383811,vdb-d-pre,inference-o
06bfc6e7-e5ac-4827-bf8e-ffaf1675872f,bass,13.638625189313496,vdb-d-pre,inference-o
a1dcaeb2-f4e6-4818-b490-09f44d624afc,lead_male_singer,10.39509440442756,vdb-d-pre,inference-o
a1dcaeb2-f4e6-4818-b490-09f44d624afc,drums,9.138919497862775,vdb-d-pre,inference-o
a1dcaeb2-f4e6-4818-b490-09f44d624afc,bass,10.81384207976405,vdb-d-pre,inference-o
dda2c057-6d73-43fa-a130-d7d6562c09ca,lead_male_singer,7.326511128880215,vdb-d-pre,inference-o
dda2c057-6d73-43fa-a130-d7d6562c09ca,drums,12.517757010135162,vdb-d-pre,inference-o
dda2c057-6d73-43fa-a130-d7d6562c09ca,bass,12.226767886653356,vdb-d-pre,inference-o
aa600069-0a98-45e6-94fa-4000bfe46c25,lead_male_singer,9.992801729365517,vdb-d-pre,inference-o
aa600069-0a98-45e6-94fa-4000bfe46c25,drums,12.485712675356584,vdb-d-pre,inference-o
aa600069-0a98-45e6-94fa-4000bfe46c25,bass,10.741412557005772,vdb-d-pre,inference-o
3c3b5fdb-f15e-4ba4-884a-b083ce2426c6,lead_male_singer,8.555845128235056,vdb-d-pre,inference-o
3c3b5fdb-f15e-4ba4-884a-b083ce2426c6,drums,10.817313677981312,vdb-d-pre,inference-o
3c3b5fdb-f15e-4ba4-884a-b083ce2426c6,bass,13.426754505317733,vdb-d-pre,inference-o
8f36f17f-c033-4c1b-a793-80dce43d507b,lead_male_singer,10.450029938364418,vdb-d-pre,inference-o
8f36f17f-c033-4c1b-a793-80dce43d507b,drums,7.749216598331417,vdb-d-pre,inference-o
7bfa233c-24ed-4c7a-9096-11e3aa00c55d,lead_male_singer,7.683108246107393,vdb-d-pre,inference-o
7bfa233c-24ed-4c7a-9096-11e3aa00c55d,drums,11.753166327573702,vdb-d-pre,inference-o
7bfa233c-24ed-4c7a-9096-11e3aa00c55d,bass,12.314887938917158,vdb-d-pre,inference-o
ad9bbefc-8762-46c9-b847-da14b10802b6,lead_male_singer,7.56840265996896,vdb-d-pre,inference-o
ad9bbefc-8762-46c9-b847-da14b10802b6,drums,10.52812175109607,vdb-d-pre,inference-o
ad9bbefc-8762-46c9-b847-da14b10802b6,bass,8.185048334974931,vdb-d-pre,inference-o
8042b88a-6179-406b-9ec4-b45a4cdd4a71,lead_male_singer,4.394444002204066,vdb-d-pre,inference-o
8042b88a-6179-406b-9ec4-b45a4cdd4a71,drums,6.863959930942073,vdb-d-pre,inference-o
8042b88a-6179-406b-9ec4-b45a4cdd4a71,bass,4.665606992935288,vdb-d-pre,inference-o
05e7af85-9721-4b42-952a-ccd34feb6033,lead_male_singer,7.700716562910815,vdb-d-pre,inference-o
05e7af85-9721-4b42-952a-ccd34feb6033,drums,9.112176239405049,vdb-d-pre,inference-o
05e7af85-9721-4b42-952a-ccd34feb6033,bass,8.858929739475219,vdb-d-pre,inference-o
4380ad97-2620-4419-a011-ddfa29a87f54,lead_male_singer,8.058783153823711,vdb-d-pre,inference-o
4380ad97-2620-4419-a011-ddfa29a87f54,drums,15.193577594954164,vdb-d-pre,inference-o
4380ad97-2620-4419-a011-ddfa29a87f54,bass,10.887312464077144,vdb-d-pre,inference-o
fc3c9e48-e2ac-4088-af65-68404baa7f12,lead_male_singer,7.910760265482095,vdb-d-pre,inference-o
fc3c9e48-e2ac-4088-af65-68404baa7f12,drums,11.183526001794162,vdb-d-pre,inference-o
fc3c9e48-e2ac-4088-af65-68404baa7f12,bass,7.244389688789164,vdb-d-pre,inference-o
c70471f9-9c4a-41c9-b8f8-20ac38847a8e,lead_female_singer,9.093286233954931,vdb-d-pre,inference-o
c70471f9-9c4a-41c9-b8f8-20ac38847a8e,drums,11.02516664671763,vdb-d-pre,inference-o
c70471f9-9c4a-41c9-b8f8-20ac38847a8e,bass,9.81846110504601,vdb-d-pre,inference-o
adb5e3fd-d039-42e4-b09b-fd0784fa0c82,lead_male_singer,6.0831014302358275,vdb-d-pre,inference-o
adb5e3fd-d039-42e4-b09b-fd0784fa0c82,drums,8.346157585506944,vdb-d-pre,inference-o
adb5e3fd-d039-42e4-b09b-fd0784fa0c82,bass,8.216241203973812,vdb-d-pre,inference-o
6b48c9de-fa34-4635-9718-04e01a03a0fe,lead_male_singer,4.776973795267381,vdb-d-pre,inference-o
6b48c9de-fa34-4635-9718-04e01a03a0fe,drums,6.28180923355114,vdb-d-pre,inference-o
6b48c9de-fa34-4635-9718-04e01a03a0fe,bass,9.939599480062428,vdb-d-pre,inference-o
a56d9450-3a26-485c-8ac3-24b6b54e2c1d,lead_female_singer,13.845381821082032,vdb-d-pre,inference-o
a56d9450-3a26-485c-8ac3-24b6b54e2c1d,drums,12.949746718892882,vdb-d-pre,inference-o
a56d9450-3a26-485c-8ac3-24b6b54e2c1d,bass,15.675439741386171,vdb-d-pre,inference-o
1f98fe4d-26c7-460f-9f68-33964bc4d8d3,lead_male_singer,2.029335036705667,vdb-d-pre,inference-o
1f98fe4d-26c7-460f-9f68-33964bc4d8d3,drums,10.64885948536457,vdb-d-pre,inference-o
1f98fe4d-26c7-460f-9f68-33964bc4d8d3,bass,8.840102711458368,vdb-d-pre,inference-o
704f1de9-1d02-4c2b-af05-107a7700a51d,lead_male_singer,7.225068780691727,vdb-d-pre-aug,inference-o
704f1de9-1d02-4c2b-af05-107a7700a51d,drums,13.02823593909048,vdb-d-pre-aug,inference-o
704f1de9-1d02-4c2b-af05-107a7700a51d,bass,9.535843871816349,vdb-d-pre-aug,inference-o
8a6c9c1f-4865-404f-a805-1949de36a33c,lead_female_singer,13.363891199229926,vdb-d-pre-aug,inference-o
8a6c9c1f-4865-404f-a805-1949de36a33c,drums,12.55537570601432,vdb-d-pre-aug,inference-o
8a6c9c1f-4865-404f-a805-1949de36a33c,bass,16.815585071973388,vdb-d-pre-aug,inference-o
0358fd1e-244a-4422-9a42-29b5d68f6e4b,lead_male_singer,9.454633327441275,vdb-d-pre-aug,inference-o
0358fd1e-244a-4422-9a42-29b5d68f6e4b,drums,4.887996552879409,vdb-d-pre-aug,inference-o
1afe1b3b-3e2e-48d3-b859-f50e222cbaf4,lead_male_singer,5.100222210443932,vdb-d-pre-aug,inference-o
1afe1b3b-3e2e-48d3-b859-f50e222cbaf4,drums,7.1295832059509845,vdb-d-pre-aug,inference-o
1afe1b3b-3e2e-48d3-b859-f50e222cbaf4,bass,15.946775944597862,vdb-d-pre-aug,inference-o
78ef22ce-472f-4f82-8656-16df73b9465f,lead_female_singer,11.077006945996686,vdb-d-pre-aug,inference-o
78ef22ce-472f-4f82-8656-16df73b9465f,drums,9.750670906356005,vdb-d-pre-aug,inference-o
78ef22ce-472f-4f82-8656-16df73b9465f,bass,16.018063092322848,vdb-d-pre-aug,inference-o
491c1ff5-1e7b-4046-8029-a82d4a8aefb4,lead_male_singer,15.395544860800536,vdb-d-pre-aug,inference-o
491c1ff5-1e7b-4046-8029-a82d4a8aefb4,drums,8.176797392402369,vdb-d-pre-aug,inference-o
491c1ff5-1e7b-4046-8029-a82d4a8aefb4,bass,13.315818226752745,vdb-d-pre-aug,inference-o
f0c565c5-fc73-4da1-b979-0fac0167f671,lead_female_singer,14.497715610929374,vdb-d-pre-aug,inference-o
f0c565c5-fc73-4da1-b979-0fac0167f671,drums,13.697375756583359,vdb-d-pre-aug,inference-o
f0c565c5-fc73-4da1-b979-0fac0167f671,bass,14.663237987502422,vdb-d-pre-aug,inference-o
6de41c50-0c49-4528-b60b-75c45d3630f4,lead_male_singer,9.127598854911986,vdb-d-pre-aug,inference-o
6de41c50-0c49-4528-b60b-75c45d3630f4,drums,7.257324010748492,vdb-d-pre-aug,inference-o
6de41c50-0c49-4528-b60b-75c45d3630f4,bass,9.378650368523756,vdb-d-pre-aug,inference-o
25789239-1075-43b9-bfc9-51dff4a29590,lead_male_singer,3.7628403100966645,vdb-d-pre-aug,inference-o
25789239-1075-43b9-bfc9-51dff4a29590,drums,8.316478295042542,vdb-d-pre-aug,inference-o
25789239-1075-43b9-bfc9-51dff4a29590,bass,6.976815588737509,vdb-d-pre-aug,inference-o
dc61c44e-a771-47a9-8934-a0eb8f3e08ac,lead_male_singer,0.9410048536798383,vdb-d-pre-aug,inference-o
dc61c44e-a771-47a9-8934-a0eb8f3e08ac,drums,10.993356448777698,vdb-d-pre-aug,inference-o
dc61c44e-a771-47a9-8934-a0eb8f3e08ac,bass,5.720413721553936,vdb-d-pre-aug,inference-o
07fb2df2-91d6-458d-9230-9638b4edac08,lead_male_singer,7.870017735767921,vdb-d-pre-aug,inference-o
07fb2df2-91d6-458d-9230-9638b4edac08,drums,13.580512208125409,vdb-d-pre-aug,inference-o
07fb2df2-91d6-458d-9230-9638b4edac08,bass,7.50269453439512,vdb-d-pre-aug,inference-o
3c557409-3a34-43c2-9159-5421bbad5ecb,lead_male_singer,3.559837758459955,vdb-d-pre-aug,inference-o
3c557409-3a34-43c2-9159-5421bbad5ecb,drums,9.146744692073431,vdb-d-pre-aug,inference-o
3c557409-3a34-43c2-9159-5421bbad5ecb,bass,9.710489336233621,vdb-d-pre-aug,inference-o
28748b6e-6125-42f7-998d-2ad734e39b6c,lead_female_singer,3.17246601612194,vdb-d-pre-aug,inference-o
28748b6e-6125-42f7-998d-2ad734e39b6c,drums,9.517291896383789,vdb-d-pre-aug,inference-o
28748b6e-6125-42f7-998d-2ad734e39b6c,bass,12.441672026956148,vdb-d-pre-aug,inference-o
1a32e987-cae8-458f-9c26-d9a6abf5348d,lead_male_singer,11.926963283589817,vdb-d-pre-aug,inference-o
1a32e987-cae8-458f-9c26-d9a6abf5348d,drums,12.67628089763441,vdb-d-pre-aug,inference-o
1a32e987-cae8-458f-9c26-d9a6abf5348d,bass,9.781772852072237,vdb-d-pre-aug,inference-o
0d528a19-cb0f-4421-b250-444f9343e51c,lead_male_singer,9.388553523568806,vdb-d-pre-aug,inference-o
0d528a19-cb0f-4421-b250-444f9343e51c,drums,10.312018784978868,vdb-d-pre-aug,inference-o
0d528a19-cb0f-4421-b250-444f9343e51c,bass,14.084626585279254,vdb-d-pre-aug,inference-o
215391aa-1168-42dd-9cab-f8b0c6ff566b,lead_male_singer,7.94333447835972,vdb-d-pre-aug,inference-o
215391aa-1168-42dd-9cab-f8b0c6ff566b,drums,7.47354192932474,vdb-d-pre-aug,inference-o
215391aa-1168-42dd-9cab-f8b0c6ff566b,bass,6.100610577811645,vdb-d-pre-aug,inference-o
606e3380-b062-4b74-88ac-b60d6f4d0a37,lead_male_singer,12.892151042888491,vdb-d-pre-aug,inference-o
606e3380-b062-4b74-88ac-b60d6f4d0a37,drums,4.34498430754942,vdb-d-pre-aug,inference-o
606e3380-b062-4b74-88ac-b60d6f4d0a37,bass,12.492769036480313,vdb-d-pre-aug,inference-o
5640831d-7853-4d06-8166-988e2844b652,lead_female_singer,5.3838029578650035,vdb-d-pre-aug,inference-o
5640831d-7853-4d06-8166-988e2844b652,drums,8.661346524272544,vdb-d-pre-aug,inference-o
5640831d-7853-4d06-8166-988e2844b652,bass,11.24720282200309,vdb-d-pre-aug,inference-o
a199697c-3cdc-47c7-a9c7-c1b07dd6c9dd,lead_male_singer,8.071368389782233,vdb-d-pre-aug,inference-o
a199697c-3cdc-47c7-a9c7-c1b07dd6c9dd,drums,8.50820915013691,vdb-d-pre-aug,inference-o
a199697c-3cdc-47c7-a9c7-c1b07dd6c9dd,bass,8.142799054729359,vdb-d-pre-aug,inference-o
11845abc-8ca3-4fb2-bd84-521aeeff56f4,lead_male_singer,13.208196046608894,vdb-d-pre-aug,inference-o
11845abc-8ca3-4fb2-bd84-521aeeff56f4,drums,13.11340485545535,vdb-d-pre-aug,inference-o
48c78ca6-18e9-42f2-9f05-fdbee90a7786,lead_male_singer,11.970015553998113,vdb-d-pre-aug,inference-o
48c78ca6-18e9-42f2-9f05-fdbee90a7786,drums,11.969093457449615,vdb-d-pre-aug,inference-o
88b545e5-4d06-4d55-a306-1bd3a2915ee5,lead_male_singer,14.926442944673186,vdb-d-pre-aug,inference-o
88b545e5-4d06-4d55-a306-1bd3a2915ee5,drums,10.105342990361912,vdb-d-pre-aug,inference-o
88b545e5-4d06-4d55-a306-1bd3a2915ee5,bass,10.782261302825605,vdb-d-pre-aug,inference-o
c6d73235-1dd5-4085-a3b3-50a3466c6168,lead_female_singer,6.581561974909713,vdb-d-pre-aug,inference-o
c6d73235-1dd5-4085-a3b3-50a3466c6168,drums,11.06939194909076,vdb-d-pre-aug,inference-o
c6d73235-1dd5-4085-a3b3-50a3466c6168,bass,9.09763718401006,vdb-d-pre-aug,inference-o
93dda0e8-dd76-49e4-b08f-54a82387cdf6,lead_female_singer,5.946354831054368,vdb-d-pre-aug,inference-o
93dda0e8-dd76-49e4-b08f-54a82387cdf6,drums,5.085000742569639,vdb-d-pre-aug,inference-o
93dda0e8-dd76-49e4-b08f-54a82387cdf6,bass,5.935476151864099,vdb-d-pre-aug,inference-o
4999a0bf-a753-4e0e-85b1-690259dabf96,lead_male_singer,7.655662073764006,vdb-d-pre-aug,inference-o
4999a0bf-a753-4e0e-85b1-690259dabf96,drums,7.9834376956656765,vdb-d-pre-aug,inference-o
4999a0bf-a753-4e0e-85b1-690259dabf96,bass,-7.865876274004617,vdb-d-pre-aug,inference-o
35983cdd-3903-46cb-b184-f96274ced57b,lead_male_singer,8.712573828260972,vdb-d-pre-aug,inference-o
35983cdd-3903-46cb-b184-f96274ced57b,drums,13.037197226893005,vdb-d-pre-aug,inference-o
35983cdd-3903-46cb-b184-f96274ced57b,bass,15.383742503856714,vdb-d-pre-aug,inference-o
3e656eec-84d4-4a45-b410-d3817d849f92,lead_male_singer,2.3366023945393266,vdb-d-pre-aug,inference-o
3e656eec-84d4-4a45-b410-d3817d849f92,drums,9.36176441717997,vdb-d-pre-aug,inference-o
3e656eec-84d4-4a45-b410-d3817d849f92,bass,6.716551015594558,vdb-d-pre-aug,inference-o
7dd515b0-e218-425d-b8bf-a75056237d6a,lead_male_singer,17.284802285261186,vdb-d-pre-aug,inference-o
5a6df5c7-a58a-479e-bdfb-c5946c221933,lead_male_singer,7.7303841407010285,vdb-d-pre-aug,inference-o
5a6df5c7-a58a-479e-bdfb-c5946c221933,drums,12.629252341913205,vdb-d-pre-aug,inference-o
5a6df5c7-a58a-479e-bdfb-c5946c221933,bass,12.05278166835787,vdb-d-pre-aug,inference-o
bb45cf1a-4c58-4fe3-88ea-97ef27527507,lead_female_singer,3.212965572333916,vdb-d-pre-aug,inference-o
bb45cf1a-4c58-4fe3-88ea-97ef27527507,drums,12.367561700500993,vdb-d-pre-aug,inference-o
bb45cf1a-4c58-4fe3-88ea-97ef27527507,bass,10.537053091051309,vdb-d-pre-aug,inference-o
125fc63d-9b69-4170-a46a-42c91bc28446,lead_female_singer,13.865989389352823,vdb-d-pre-aug,inference-o
125fc63d-9b69-4170-a46a-42c91bc28446,drums,9.017091572274564,vdb-d-pre-aug,inference-o
125fc63d-9b69-4170-a46a-42c91bc28446,bass,13.172161461413802,vdb-d-pre-aug,inference-o
06bfc6e7-e5ac-4827-bf8e-ffaf1675872f,lead_female_singer,12.08610365631837,vdb-d-pre-aug,inference-o
06bfc6e7-e5ac-4827-bf8e-ffaf1675872f,drums,9.776297152488816,vdb-d-pre-aug,inference-o
06bfc6e7-e5ac-4827-bf8e-ffaf1675872f,bass,14.194993139279983,vdb-d-pre-aug,inference-o
a1dcaeb2-f4e6-4818-b490-09f44d624afc,lead_male_singer,11.45196028539776,vdb-d-pre-aug,inference-o
a1dcaeb2-f4e6-4818-b490-09f44d624afc,drums,10.005958988485128,vdb-d-pre-aug,inference-o
a1dcaeb2-f4e6-4818-b490-09f44d624afc,bass,11.87251160780189,vdb-d-pre-aug,inference-o
dda2c057-6d73-43fa-a130-d7d6562c09ca,lead_male_singer,7.636408744318873,vdb-d-pre-aug,inference-o
dda2c057-6d73-43fa-a130-d7d6562c09ca,drums,13.617634724799935,vdb-d-pre-aug,inference-o
dda2c057-6d73-43fa-a130-d7d6562c09ca,bass,13.200682105778105,vdb-d-pre-aug,inference-o
aa600069-0a98-45e6-94fa-4000bfe46c25,lead_male_singer,10.136144062511681,vdb-d-pre-aug,inference-o
aa600069-0a98-45e6-94fa-4000bfe46c25,drums,12.923361090152753,vdb-d-pre-aug,inference-o
aa600069-0a98-45e6-94fa-4000bfe46c25,bass,11.151473253713478,vdb-d-pre-aug,inference-o
3c3b5fdb-f15e-4ba4-884a-b083ce2426c6,lead_male_singer,8.23609122371736,vdb-d-pre-aug,inference-o
3c3b5fdb-f15e-4ba4-884a-b083ce2426c6,drums,10.930334651026286,vdb-d-pre-aug,inference-o
3c3b5fdb-f15e-4ba4-884a-b083ce2426c6,bass,13.484519317012866,vdb-d-pre-aug,inference-o
8f36f17f-c033-4c1b-a793-80dce43d507b,lead_male_singer,11.146178876266617,vdb-d-pre-aug,inference-o
8f36f17f-c033-4c1b-a793-80dce43d507b,drums,8.629215020719357,vdb-d-pre-aug,inference-o
7bfa233c-24ed-4c7a-9096-11e3aa00c55d,lead_male_singer,7.416164548245571,vdb-d-pre-aug,inference-o
7bfa233c-24ed-4c7a-9096-11e3aa00c55d,drums,12.598964828226617,vdb-d-pre-aug,inference-o
7bfa233c-24ed-4c7a-9096-11e3aa00c55d,bass,13.450610535286515,vdb-d-pre-aug,inference-o
ad9bbefc-8762-46c9-b847-da14b10802b6,lead_male_singer,8.427008201223709,vdb-d-pre-aug,inference-o
ad9bbefc-8762-46c9-b847-da14b10802b6,drums,11.064667255251798,vdb-d-pre-aug,inference-o
ad9bbefc-8762-46c9-b847-da14b10802b6,bass,9.228537785357315,vdb-d-pre-aug,inference-o
8042b88a-6179-406b-9ec4-b45a4cdd4a71,lead_male_singer,3.9392289238304476,vdb-d-pre-aug,inference-o
8042b88a-6179-406b-9ec4-b45a4cdd4a71,drums,7.751303210961618,vdb-d-pre-aug,inference-o
8042b88a-6179-406b-9ec4-b45a4cdd4a71,bass,3.947056934755022,vdb-d-pre-aug,inference-o
05e7af85-9721-4b42-952a-ccd34feb6033,lead_male_singer,7.93495670312598,vdb-d-pre-aug,inference-o
05e7af85-9721-4b42-952a-ccd34feb6033,drums,8.77673676010019,vdb-d-pre-aug,inference-o
05e7af85-9721-4b42-952a-ccd34feb6033,bass,8.527957387026012,vdb-d-pre-aug,inference-o
4380ad97-2620-4419-a011-ddfa29a87f54,lead_male_singer,8.334304020280726,vdb-d-pre-aug,inference-o
4380ad97-2620-4419-a011-ddfa29a87f54,drums,15.545357488142377,vdb-d-pre-aug,inference-o
4380ad97-2620-4419-a011-ddfa29a87f54,bass,11.484099290453017,vdb-d-pre-aug,inference-o
fc3c9e48-e2ac-4088-af65-68404baa7f12,lead_male_singer,7.948088023531125,vdb-d-pre-aug,inference-o
fc3c9e48-e2ac-4088-af65-68404baa7f12,drums,10.145018848852597,vdb-d-pre-aug,inference-o
fc3c9e48-e2ac-4088-af65-68404baa7f12,bass,7.419735391352072,vdb-d-pre-aug,inference-o
c70471f9-9c4a-41c9-b8f8-20ac38847a8e,lead_female_singer,9.382342108598285,vdb-d-pre-aug,inference-o
c70471f9-9c4a-41c9-b8f8-20ac38847a8e,drums,13.489974823403365,vdb-d-pre-aug,inference-o
c70471f9-9c4a-41c9-b8f8-20ac38847a8e,bass,12.677263600279185,vdb-d-pre-aug,inference-o
adb5e3fd-d039-42e4-b09b-fd0784fa0c82,lead_male_singer,5.37936953695419,vdb-d-pre-aug,inference-o
adb5e3fd-d039-42e4-b09b-fd0784fa0c82,drums,8.616350744817945,vdb-d-pre-aug,inference-o
adb5e3fd-d039-42e4-b09b-fd0784fa0c82,bass,7.871348225253817,vdb-d-pre-aug,inference-o
6b48c9de-fa34-4635-9718-04e01a03a0fe,lead_male_singer,5.306276485953852,vdb-d-pre-aug,inference-o
6b48c9de-fa34-4635-9718-04e01a03a0fe,drums,6.50311083078127,vdb-d-pre-aug,inference-o
6b48c9de-fa34-4635-9718-04e01a03a0fe,bass,10.426528165653842,vdb-d-pre-aug,inference-o
a56d9450-3a26-485c-8ac3-24b6b54e2c1d,lead_female_singer,12.938335671698596,vdb-d-pre-aug,inference-o
a56d9450-3a26-485c-8ac3-24b6b54e2c1d,drums,12.956640636382712,vdb-d-pre-aug,inference-o
a56d9450-3a26-485c-8ac3-24b6b54e2c1d,bass,15.839317928820492,vdb-d-pre-aug,inference-o
1f98fe4d-26c7-460f-9f68-33964bc4d8d3,lead_male_singer,2.484943388993704,vdb-d-pre-aug,inference-o
1f98fe4d-26c7-460f-9f68-33964bc4d8d3,drums,11.13442196854394,vdb-d-pre-aug,inference-o
1f98fe4d-26c7-460f-9f68-33964bc4d8d3,bass,9.582600220875012,vdb-d-pre-aug,inference-o
